File ID	File Name	Data Category	Data Type	Project ID	Case ID	Sample ID	Sample Type
c4b099b2-578d-4973-b340-60c59428a38a	0f2f720e-ef30-4150-9d30-12c2fb689148.mirbase21.mirnas.quantification.txt	Transcriptome Profiling	miRNA Expression Quantification	TCGA-THCA	TCGA-EL-A3CL	TCGA-EL-A3CL-01A	Primary Tumor
e92da51b-428e-4b00-ae6f-2033a24b891b	84e97e1c-26e2-4d8f-8024-fcf3b1fa76d0.mirbase21.mirnas.quantification.txt	Transcriptome Profiling	miRNA Expression Quantification	TCGA-THCA	TCGA-MK-A84Z	TCGA-MK-A84Z-01A	Primary Tumor
458532c5-07e8-41df-8360-358609cf8167	321d169d-5c70-4250-81f6-90b19686aa7f.mirbase21.mirnas.quantification.txt	Transcriptome Profiling	miRNA Expression Quantification	TCGA-THCA	TCGA-BJ-A0ZB	TCGA-BJ-A0ZB-01A	Primary Tumor
d540181d-165e-4fb7-b6b3-2d553909df21	b8124c12-8eb5-44d5-a834-d2e49db9ad43.mirbase21.mirnas.quantification.txt	Transcriptome Profiling	miRNA Expression Quantification	TCGA-THCA	TCGA-EL-A3ZM	TCGA-EL-A3ZM-11A	Solid Tissue Normal
70f4545a-f5ac-4151-aa2c-27fbea15593d	fb4cde34-07e4-407c-a60b-25f9af910ad4.mirbase21.mirnas.quantification.txt	Transcriptome Profiling	miRNA Expression Quantification	TCGA-THCA	TCGA-H2-A26U	TCGA-H2-A26U-01A	Primary Tumor
61adedaa-f04f-4eb9-b83d-daf236b01b50	81dca259-0ca3-4389-93f0-7d1984d375ed.mirbase21.mirnas.quantification.txt	Transcriptome Profiling	miRNA Expression Quantification	TCGA-THCA	TCGA-BJ-A4O8	TCGA-BJ-A4O8-01A	Primary Tumor
4b804655-7a8a-4153-b970-8b0f4588558d	b05681f5-9eb5-43f5-abac-fb39ee3a3d1a.mirbase21.mirnas.quantification.txt	Transcriptome Profiling	miRNA Expression Quantification	TCGA-THCA	TCGA-EL-A3GO	TCGA-EL-A3GO-01A	Primary Tumor
21773362-cb69-4b62-8b4f-768d17cce8b4	1f1a5074-1fb3-4629-bb18-eeccf39b4340.mirbase21.mirnas.quantification.txt	Transcriptome Profiling	miRNA Expression Quantification	TCGA-THCA	TCGA-EM-A4FK	TCGA-EM-A4FK-01A	Primary Tumor
c6896de2-92d6-4040-b722-7b89ddcb3f83	55c3d393-5e8e-41a4-bf7e-8e2bafa7c043.mirbase21.mirnas.quantification.txt	Transcriptome Profiling	miRNA Expression Quantification	TCGA-THCA	TCGA-EL-A4K9	TCGA-EL-A4K9-01A	Primary Tumor
010f98b2-05c7-44c4-895e-5ee8093d3d62	27c4d599-7406-4c3b-a6cd-26e65384c19d.mirbase21.mirnas.quantification.txt	Transcriptome Profiling	miRNA Expression Quantification	TCGA-THCA	TCGA-E3-A3E1	TCGA-E3-A3E1-01A	Primary Tumor
c4af5eb7-b834-4b27-8a6a-9bc63f2c14bc	7795afc0-2b07-4708-964a-567275edceb4.mirbase21.mirnas.quantification.txt	Transcriptome Profiling	miRNA Expression Quantification	TCGA-THCA	TCGA-ET-A25L	TCGA-ET-A25L-01A	Primary Tumor
69c935f4-95d2-4b25-8dfb-13ed6e15e612	fac418a5-616e-408f-ae2f-96f15a4fc2b9.mirbase21.mirnas.quantification.txt	Transcriptome Profiling	miRNA Expression Quantification	TCGA-THCA	TCGA-BJ-A4O9	TCGA-BJ-A4O9-01A	Primary Tumor
2d080720-ff60-44e2-aa11-e1d9f7b174e3	afa149a6-5e0c-487e-8546-4875ef947eab.mirbase21.mirnas.quantification.txt	Transcriptome Profiling	miRNA Expression Quantification	TCGA-THCA	TCGA-FY-A3ON	TCGA-FY-A3ON-01A	Primary Tumor
cd9b19e6-2165-48a1-bee5-98b5aa6b6371	b085d23f-3e65-4c75-99e5-32e925abeca9.mirbase21.mirnas.quantification.txt	Transcriptome Profiling	miRNA Expression Quantification	TCGA-THCA	TCGA-ET-A25J	TCGA-ET-A25J-01A	Primary Tumor
f5683afb-2b45-457e-9655-4865b47b2839	2fd3a6de-0205-4a31-80ba-af2c2512026a.mirbase21.mirnas.quantification.txt	Transcriptome Profiling	miRNA Expression Quantification	TCGA-THCA	TCGA-EL-A3ZG	TCGA-EL-A3ZG-11A	Solid Tissue Normal
425d1864-ed9f-4123-bd34-213593554f30	df0064db-68e9-4dc0-93f6-bb819d0d5e82.mirbase21.mirnas.quantification.txt	Transcriptome Profiling	miRNA Expression Quantification	TCGA-THCA	TCGA-E8-A415	TCGA-E8-A415-01A	Primary Tumor
171f661f-f635-4611-aae2-a88e42557fb6	276ad9b4-d486-42fe-9889-63a1bdea4f22.mirbase21.mirnas.quantification.txt	Transcriptome Profiling	miRNA Expression Quantification	TCGA-THCA	TCGA-FY-A4B0	TCGA-FY-A4B0-01A	Primary Tumor
73aef2fa-a56e-43a9-93de-14b37e2a1da2	819dab28-7e49-496e-bb33-12ec248e45ea.mirbase21.mirnas.quantification.txt	Transcriptome Profiling	miRNA Expression Quantification	TCGA-THCA	TCGA-EM-A2OV	TCGA-EM-A2OV-01A	Primary Tumor
424acb73-bb12-47a0-aef2-1594f4f57126	738c74b8-069c-49c9-a7ad-c7f631847e5f.mirbase21.mirnas.quantification.txt	Transcriptome Profiling	miRNA Expression Quantification	TCGA-THCA	TCGA-FY-A3W9	TCGA-FY-A3W9-01A	Primary Tumor
32d5419f-023e-4d6c-b9bb-31eba40a0096	05c3c1cb-a2b0-41e1-8bf4-11fc1903c0d1.mirbase21.mirnas.quantification.txt	Transcriptome Profiling	miRNA Expression Quantification	TCGA-THCA	TCGA-DE-A69J	TCGA-DE-A69J-01A	Primary Tumor
12a437d4-ebb5-47bd-a820-bfde7ebd388d	22d4155a-7e0f-4b3e-ab2d-aef09d0cd196.mirbase21.mirnas.quantification.txt	Transcriptome Profiling	miRNA Expression Quantification	TCGA-THCA	TCGA-DJ-A4UQ	TCGA-DJ-A4UQ-01A	Primary Tumor
06cbec62-2f14-4493-a9bc-7c728131f1c1	dc13c410-800d-4c42-b46e-03aea53ce666.mirbase21.mirnas.quantification.txt	Transcriptome Profiling	miRNA Expression Quantification	TCGA-THCA	TCGA-DJ-A3UO	TCGA-DJ-A3UO-01A	Primary Tumor
788fed5b-f22d-420b-bdf9-b3115f8b0e55	dc9d042c-795a-4f37-9995-c5b9de6bb537.mirbase21.mirnas.quantification.txt	Transcriptome Profiling	miRNA Expression Quantification	TCGA-THCA	TCGA-BJ-A3PR	TCGA-BJ-A3PR-01A	Primary Tumor
ab9d0c83-9e33-46f6-b82a-ee5ebfb6c687	16d9dbd5-ff93-4579-b0af-d9f99c886c64.mirbase21.mirnas.quantification.txt	Transcriptome Profiling	miRNA Expression Quantification	TCGA-THCA	TCGA-E3-A3E0	TCGA-E3-A3E0-01A	Primary Tumor
de513240-b931-459e-b394-8f765d373daa	f1640953-14f6-41d3-8b2e-955c18669ce0.mirbase21.mirnas.quantification.txt	Transcriptome Profiling	miRNA Expression Quantification	TCGA-THCA	TCGA-EL-A3CY	TCGA-EL-A3CY-01A	Primary Tumor
55a3a4d1-b858-4f24-a26c-dc89550f77a4	17fc443a-50aa-4b34-8512-e9c3e99610e6.mirbase21.mirnas.quantification.txt	Transcriptome Profiling	miRNA Expression Quantification	TCGA-THCA	TCGA-FE-A230	TCGA-FE-A230-01A	Primary Tumor
51e0f823-8413-4ee1-a1b6-9039637e5233	e657e6fb-c774-403e-8e47-2b57e231546e.mirbase21.mirnas.quantification.txt	Transcriptome Profiling	miRNA Expression Quantification	TCGA-THCA	TCGA-E8-A3X7	TCGA-E8-A3X7-01A	Primary Tumor
881d51f5-832d-40a9-a363-518360ccf673	3b4638be-c63e-4078-bb3a-7f42e30d106e.mirbase21.mirnas.quantification.txt	Transcriptome Profiling	miRNA Expression Quantification	TCGA-THCA	TCGA-DE-A4MD	TCGA-DE-A4MD-01A	Primary Tumor
680eaec0-5da6-4456-a456-d32b3724f23f	2a4d491d-9124-4b8c-b876-65f6d660a6eb.mirbase21.mirnas.quantification.txt	Transcriptome Profiling	miRNA Expression Quantification	TCGA-THCA	TCGA-DJ-A3VB	TCGA-DJ-A3VB-01A	Primary Tumor
b9cd0b5f-1cbc-4b02-bdfc-205090b28165	bc422089-e271-4e3f-a017-002f9d26f6aa.mirbase21.mirnas.quantification.txt	Transcriptome Profiling	miRNA Expression Quantification	TCGA-THCA	TCGA-DJ-A3V7	TCGA-DJ-A3V7-01A	Primary Tumor
8dfe3873-e14c-4d52-a80f-a35994779f9e	83b918e7-35f7-4b3a-bf97-c95df2caf2ee.mirbase21.mirnas.quantification.txt	Transcriptome Profiling	miRNA Expression Quantification	TCGA-THCA	TCGA-EL-A3H1	TCGA-EL-A3H1-11A	Solid Tissue Normal
4bd02fa2-9b7f-456e-a064-ff4664e2c08e	651902df-363b-4eab-bf19-888ddde860ff.mirbase21.mirnas.quantification.txt	Transcriptome Profiling	miRNA Expression Quantification	TCGA-THCA	TCGA-E8-A419	TCGA-E8-A419-01A	Primary Tumor
73ab4167-b3d5-404e-a9f5-5690434c0d8c	2e8c29ad-d8e8-4f6a-a3f3-3cfc6ffbe771.mirbase21.mirnas.quantification.txt	Transcriptome Profiling	miRNA Expression Quantification	TCGA-THCA	TCGA-DJ-A4UR	TCGA-DJ-A4UR-01A	Primary Tumor
16e0ceb1-2bca-4f79-95f2-7840e50b1223	699f0c95-75ab-49a9-9876-9239a2e88390.mirbase21.mirnas.quantification.txt	Transcriptome Profiling	miRNA Expression Quantification	TCGA-THCA	TCGA-DJ-A2QB	TCGA-DJ-A2QB-01A	Primary Tumor
07facedf-03de-467f-bc74-84905b8fcac8	0f0b8227-3d39-4103-bd48-c0aa0e0b26a8.mirbase21.mirnas.quantification.txt	Transcriptome Profiling	miRNA Expression Quantification	TCGA-THCA	TCGA-DJ-A2PN	TCGA-DJ-A2PN-01A	Primary Tumor
0f100e55-b496-49e0-b95e-7baa795f8314	d8161cce-a789-4ca7-a580-876f3283af04.mirbase21.mirnas.quantification.txt	Transcriptome Profiling	miRNA Expression Quantification	TCGA-THCA	TCGA-DJ-A13P	TCGA-DJ-A13P-01A	Primary Tumor
a5970755-60ff-4e8c-864d-25c5137f0b16	ffa0734e-c2e4-4a2e-9478-65fad85a4094.mirbase21.mirnas.quantification.txt	Transcriptome Profiling	miRNA Expression Quantification	TCGA-THCA	TCGA-DJ-A3UY	TCGA-DJ-A3UY-01A	Primary Tumor
08c8fb09-f38c-4ead-83ca-fbdfabea034a	30c9e9ec-16c2-4921-8577-ebbb6676a8b1.mirbase21.mirnas.quantification.txt	Transcriptome Profiling	miRNA Expression Quantification	TCGA-THCA	TCGA-EL-A3TB	TCGA-EL-A3TB-11A	Solid Tissue Normal
9984ad35-54c0-4582-b435-f8eb472ff2e3	f2703fe7-f5bd-4e5d-b3be-7577fb1437f9.mirbase21.mirnas.quantification.txt	Transcriptome Profiling	miRNA Expression Quantification	TCGA-THCA	TCGA-ET-A3BO	TCGA-ET-A3BO-01A	Primary Tumor
e5907b7a-754f-418b-85da-2c92385842a0	5b6ae774-1f1e-4c37-9a83-589e4c8ef455.mirbase21.mirnas.quantification.txt	Transcriptome Profiling	miRNA Expression Quantification	TCGA-THCA	TCGA-E8-A2JQ	TCGA-E8-A2JQ-01A	Primary Tumor
75a7453f-9c2c-48d1-858f-8c6f72fa6ce9	cb90925e-34da-4603-85d0-72bcd98e100e.mirbase21.mirnas.quantification.txt	Transcriptome Profiling	miRNA Expression Quantification	TCGA-THCA	TCGA-FY-A4B4	TCGA-FY-A4B4-01A	Primary Tumor
3b0a415a-d7bc-4cad-8d9a-5a4802e5671d	1e50148d-ecdc-4f44-8950-8d952e83c085.mirbase21.mirnas.quantification.txt	Transcriptome Profiling	miRNA Expression Quantification	TCGA-THCA	TCGA-ET-A3BN	TCGA-ET-A3BN-01A	Primary Tumor
08566cd1-58a5-4cef-b023-ab36932a9215	3e7fe486-1ce3-48dc-9254-03ac92837611.mirbase21.mirnas.quantification.txt	Transcriptome Profiling	miRNA Expression Quantification	TCGA-THCA	TCGA-EM-A1CS	TCGA-EM-A1CS-11A	Solid Tissue Normal
ee78fa54-968d-455c-8a0b-110a6f1bd41b	7ec14284-1ab0-4b78-853b-05e4a9e40f18.mirbase21.mirnas.quantification.txt	Transcriptome Profiling	miRNA Expression Quantification	TCGA-THCA	TCGA-EM-A1CS	TCGA-EM-A1CS-01A	Primary Tumor
f96aad7b-f7cd-41d2-9378-f0b9d48eb3cf	c65ae4d2-ece9-41d9-b062-aed64b4061c8.mirbase21.mirnas.quantification.txt	Transcriptome Profiling	miRNA Expression Quantification	TCGA-THCA	TCGA-QD-A8IV	TCGA-QD-A8IV-01A	Primary Tumor
e0ff5f33-1480-4fdc-9585-d1352c56f434	94153c2c-d2e2-4325-a8b0-05eaf052f9e9.mirbase21.mirnas.quantification.txt	Transcriptome Profiling	miRNA Expression Quantification	TCGA-THCA	TCGA-EL-A3N3	TCGA-EL-A3N3-01A	Primary Tumor
49210231-bd31-4cae-bf48-d24f2b946129	dc1f3b78-bb60-41c8-90d0-0acfc03a9965.mirbase21.mirnas.quantification.txt	Transcriptome Profiling	miRNA Expression Quantification	TCGA-THCA	TCGA-EL-A3D1	TCGA-EL-A3D1-01A	Primary Tumor
2b30f81f-d5a8-4456-82f5-62474964e836	046ed2e9-19a7-40dd-b92e-fa951f67db91.mirbase21.mirnas.quantification.txt	Transcriptome Profiling	miRNA Expression Quantification	TCGA-THCA	TCGA-DJ-A3VE	TCGA-DJ-A3VE-01A	Primary Tumor
f87bf9bd-36b4-481f-952b-7271baf72b0f	8726c7ae-4323-4430-ade7-da6443a2db32.mirbase21.mirnas.quantification.txt	Transcriptome Profiling	miRNA Expression Quantification	TCGA-THCA	TCGA-EM-A3O9	TCGA-EM-A3O9-01A	Primary Tumor
2cf29cd0-3107-4cdb-9ff1-bd1cd64b6b70	9772eab6-e436-40de-be9c-da4215f7ab57.mirbase21.mirnas.quantification.txt	Transcriptome Profiling	miRNA Expression Quantification	TCGA-THCA	TCGA-FY-A3R9	TCGA-FY-A3R9-01A	Primary Tumor
511ff306-db2b-4d42-8cc1-6770b1daa583	c3118ef1-48f0-4aeb-b1c5-69ce4a1d263a.mirbase21.mirnas.quantification.txt	Transcriptome Profiling	miRNA Expression Quantification	TCGA-THCA	TCGA-EL-A3ZH	TCGA-EL-A3ZH-11A	Solid Tissue Normal
dab83d07-ef99-49d1-b00a-47ba2ddf61ed	92231ae5-73cf-4e4b-ba64-f3f99be8458e.mirbase21.mirnas.quantification.txt	Transcriptome Profiling	miRNA Expression Quantification	TCGA-THCA	TCGA-EL-A3T7	TCGA-EL-A3T7-11A	Solid Tissue Normal
70d6fe4f-e996-40cd-b8bb-0378acd285bb	242fde93-d9db-4103-ba81-3d739bffd7d7.mirbase21.mirnas.quantification.txt	Transcriptome Profiling	miRNA Expression Quantification	TCGA-THCA	TCGA-ET-A2N0	TCGA-ET-A2N0-01A	Primary Tumor
a8ffafd2-1ccd-4b9f-8e56-fbbbd9441195	9c1606ea-7862-4b92-a7fd-3d39f5d79982.mirbase21.mirnas.quantification.txt	Transcriptome Profiling	miRNA Expression Quantification	TCGA-THCA	TCGA-EL-A3T3	TCGA-EL-A3T3-11A	Solid Tissue Normal
94c361b2-8971-490a-9f80-5ab6f0076716	570c1537-cf5b-4206-940f-4b1c964fbd5c.mirbase21.mirnas.quantification.txt	Transcriptome Profiling	miRNA Expression Quantification	TCGA-THCA	TCGA-FY-A4B3	TCGA-FY-A4B3-01A	Primary Tumor
716173ee-b9b5-4e1b-9877-0282988d84e3	1b444678-b323-41aa-92b3-e1d2266d4f23.mirbase21.mirnas.quantification.txt	Transcriptome Profiling	miRNA Expression Quantification	TCGA-THCA	TCGA-EM-A3AP	TCGA-EM-A3AP-01A	Primary Tumor
b1d94dd9-f622-4f3f-bab7-c83ddead7c9e	8b8fe064-5152-451d-bd85-7ae25db1646c.mirbase21.mirnas.quantification.txt	Transcriptome Profiling	miRNA Expression Quantification	TCGA-THCA	TCGA-FE-A231	TCGA-FE-A231-01A	Primary Tumor
58e8c0af-8b73-4572-b961-c24107918315	65c1c95c-2bbf-45d0-a9c1-1cd5548641b8.mirbase21.mirnas.quantification.txt	Transcriptome Profiling	miRNA Expression Quantification	TCGA-THCA	TCGA-ET-A39T	TCGA-ET-A39T-01A	Primary Tumor
d335ca3b-7bfa-4145-97be-dc878c8061e3	7423c035-671c-4e7b-993b-b40224cb3bed.mirbase21.mirnas.quantification.txt	Transcriptome Profiling	miRNA Expression Quantification	TCGA-THCA	TCGA-FE-A238	TCGA-FE-A238-01A	Primary Tumor
c5583d7d-1669-4b1c-ad1f-b4f510dfe022	8da34e65-311f-4e90-9eca-9291592355db.mirbase21.mirnas.quantification.txt	Transcriptome Profiling	miRNA Expression Quantification	TCGA-THCA	TCGA-BJ-A2NA	TCGA-BJ-A2NA-11A	Solid Tissue Normal
d0e68a1e-be42-43ae-9e2e-49e3bb1c7f44	5efce95f-59ad-4af9-b6f3-fd9cd70d6231.mirbase21.mirnas.quantification.txt	Transcriptome Profiling	miRNA Expression Quantification	TCGA-THCA	TCGA-EL-A3D4	TCGA-EL-A3D4-01A	Primary Tumor
754ffe8c-1328-47c3-b8d9-8ee706f559ce	5d2797fd-0167-48b0-8f2c-7a899288cc66.mirbase21.mirnas.quantification.txt	Transcriptome Profiling	miRNA Expression Quantification	TCGA-THCA	TCGA-EL-A3ZO	TCGA-EL-A3ZO-01A	Primary Tumor
108f8285-244b-4b0e-a753-d5ca7e285bcf	89886de0-435e-4fbe-8070-e0e1d6d30c25.mirbase21.mirnas.quantification.txt	Transcriptome Profiling	miRNA Expression Quantification	TCGA-THCA	TCGA-ET-A3BU	TCGA-ET-A3BU-01A	Primary Tumor
bf405d46-b813-4a6b-88a2-02c7ce87cf4e	e8ab2a9a-c878-4685-8fb9-d8230a775c75.mirbase21.mirnas.quantification.txt	Transcriptome Profiling	miRNA Expression Quantification	TCGA-THCA	TCGA-DJ-A13T	TCGA-DJ-A13T-01A	Primary Tumor
4b6032a4-b34a-42d2-90d1-f38c63ede29f	ca398fdc-a0bb-475e-82c5-61f406922270.mirbase21.mirnas.quantification.txt	Transcriptome Profiling	miRNA Expression Quantification	TCGA-THCA	TCGA-BJ-A0ZE	TCGA-BJ-A0ZE-01A	Primary Tumor
3139bb55-8773-4638-a558-a1597560b3ea	11f572d5-aef7-4eee-9d2c-d8ec6570da0c.mirbase21.mirnas.quantification.txt	Transcriptome Profiling	miRNA Expression Quantification	TCGA-THCA	TCGA-ET-A25K	TCGA-ET-A25K-01A	Primary Tumor
b7493068-6a71-4270-ace9-f63f3d3eb280	a98db4c5-d116-4c37-93ad-4325cd2740d1.mirbase21.mirnas.quantification.txt	Transcriptome Profiling	miRNA Expression Quantification	TCGA-THCA	TCGA-BJ-A290	TCGA-BJ-A290-11A	Solid Tissue Normal
f306e065-d841-4840-9610-c1f8eec11871	7afe782d-7ef6-4ce9-bf17-986d94dd5457.mirbase21.mirnas.quantification.txt	Transcriptome Profiling	miRNA Expression Quantification	TCGA-THCA	TCGA-ET-A40P	TCGA-ET-A40P-01A	Primary Tumor
e790d6b7-3396-41ca-8be7-1db5bda69787	77fec431-d4c0-4c50-b0ec-377bad3b05db.mirbase21.mirnas.quantification.txt	Transcriptome Profiling	miRNA Expression Quantification	TCGA-THCA	TCGA-FY-A3WA	TCGA-FY-A3WA-01A	Primary Tumor
c3553a65-7c3d-4e59-a326-66f100426b20	be2d19a3-5c13-449a-8c92-9a4c98bdcc6b.mirbase21.mirnas.quantification.txt	Transcriptome Profiling	miRNA Expression Quantification	TCGA-THCA	TCGA-EL-A3CV	TCGA-EL-A3CV-01A	Primary Tumor
000e5bf7-381b-484f-899c-9fc61a526648	503d7596-c990-431a-b54c-64fb42b64fa4.mirbase21.mirnas.quantification.txt	Transcriptome Profiling	miRNA Expression Quantification	TCGA-THCA	TCGA-J8-A42S	TCGA-J8-A42S-01A	Primary Tumor
e02c3ab1-1daa-41d0-a556-2424ff1b416e	122a9292-5ec7-4649-acf1-43c0e0344178.mirbase21.mirnas.quantification.txt	Transcriptome Profiling	miRNA Expression Quantification	TCGA-THCA	TCGA-IM-A3U2	TCGA-IM-A3U2-01A	Primary Tumor
814d8079-8410-4c8d-bd37-3a2ef8c18e66	3571e256-4527-42bf-b6ce-6faebd6bd25e.mirbase21.mirnas.quantification.txt	Transcriptome Profiling	miRNA Expression Quantification	TCGA-THCA	TCGA-CE-A485	TCGA-CE-A485-01A	Primary Tumor
101c682c-ff34-4977-9175-b64a6f3fef00	5a15e4cd-e43d-4108-93eb-7f2b8c6c44c9.mirbase21.mirnas.quantification.txt	Transcriptome Profiling	miRNA Expression Quantification	TCGA-THCA	TCGA-EM-A4FV	TCGA-EM-A4FV-01A	Primary Tumor
2c609412-d142-47b3-9bd5-61fe8e1dcf01	fada92c2-e75b-4859-bc4c-6c76642870ca.mirbase21.mirnas.quantification.txt	Transcriptome Profiling	miRNA Expression Quantification	TCGA-THCA	TCGA-DJ-A1QL	TCGA-DJ-A1QL-01A	Primary Tumor
5c355d05-be0d-4432-ae9b-61e06b5a170f	a229a3d5-37b3-4b49-bf23-89874be40260.mirbase21.mirnas.quantification.txt	Transcriptome Profiling	miRNA Expression Quantification	TCGA-THCA	TCGA-EM-A4FH	TCGA-EM-A4FH-01A	Primary Tumor
b21962cc-4d43-4a86-bb82-3ed0d5a8d439	afdaf8f8-eb5e-42d1-86a3-577623ae64d7.mirbase21.mirnas.quantification.txt	Transcriptome Profiling	miRNA Expression Quantification	TCGA-THCA	TCGA-EL-A3CR	TCGA-EL-A3CR-01A	Primary Tumor
48f7797f-2f2e-4f0d-a64a-8c434a21ed2d	cd24fa8b-2799-4c05-bb20-bd6035dbf3d1.mirbase21.mirnas.quantification.txt	Transcriptome Profiling	miRNA Expression Quantification	TCGA-THCA	TCGA-EL-A4K4	TCGA-EL-A4K4-01A	Primary Tumor
e0699bd4-9b1b-43ae-a488-4c69d22f3031	27736022-3581-4a39-a342-6a3ffa18ebf0.mirbase21.mirnas.quantification.txt	Transcriptome Profiling	miRNA Expression Quantification	TCGA-THCA	TCGA-EL-A4JV	TCGA-EL-A4JV-01A	Primary Tumor
da51bd20-6a15-4542-8064-7b23abdcc787	e481f8c5-c8ec-4467-82d6-250965d5ad2b.mirbase21.mirnas.quantification.txt	Transcriptome Profiling	miRNA Expression Quantification	TCGA-THCA	TCGA-BJ-A0Z9	TCGA-BJ-A0Z9-01A	Primary Tumor
a6960bc6-c835-4305-90b9-45b285bbc1d1	5c9bb17f-f050-4aa1-a1ff-a3645fb0133a.mirbase21.mirnas.quantification.txt	Transcriptome Profiling	miRNA Expression Quantification	TCGA-THCA	TCGA-KS-A41J	TCGA-KS-A41J-11A	Solid Tissue Normal
c4da5a06-8a63-4a94-b820-db7885270f9f	c24fa09e-e606-4c62-b911-5beab4e5fd86.mirbase21.mirnas.quantification.txt	Transcriptome Profiling	miRNA Expression Quantification	TCGA-THCA	TCGA-EL-A3ZR	TCGA-EL-A3ZR-01A	Primary Tumor
a916137e-d12e-48c5-b496-93def2b2565b	04d8d7fb-43a6-478e-ad0a-97b537622993.mirbase21.mirnas.quantification.txt	Transcriptome Profiling	miRNA Expression Quantification	TCGA-THCA	TCGA-EL-A4KD	TCGA-EL-A4KD-01A	Primary Tumor
a91fe424-e9d9-4dca-98ab-182e3551ec88	efbfce80-e3a0-4aef-8810-a331fcd5c8f9.mirbase21.mirnas.quantification.txt	Transcriptome Profiling	miRNA Expression Quantification	TCGA-THCA	TCGA-EL-A3TA	TCGA-EL-A3TA-11A	Solid Tissue Normal
3db6c83b-b216-4d61-ba77-772883faefae	600cb2ec-f69e-4a7d-8a75-decc539a49fc.mirbase21.mirnas.quantification.txt	Transcriptome Profiling	miRNA Expression Quantification	TCGA-THCA	TCGA-ET-A39N	TCGA-ET-A39N-01A	Primary Tumor
f703fa2c-8a9b-421e-8cce-4c6218fffadf	327e3517-4609-4849-bfde-42033b6c27e7.mirbase21.mirnas.quantification.txt	Transcriptome Profiling	miRNA Expression Quantification	TCGA-THCA	TCGA-E8-A436	TCGA-E8-A436-01A	Primary Tumor
7ea516ce-35b9-4ae8-9597-a6dd6e897cc8	e4fb39f0-a875-494b-a4c6-befbf9f6b0a7.mirbase21.mirnas.quantification.txt	Transcriptome Profiling	miRNA Expression Quantification	TCGA-THCA	TCGA-DJ-A13R	TCGA-DJ-A13R-01A	Primary Tumor
1d2b3856-dfe3-4f25-bcf0-22dc7b87776d	d556c173-ed54-4d30-ba17-079513191c3a.mirbase21.mirnas.quantification.txt	Transcriptome Profiling	miRNA Expression Quantification	TCGA-THCA	TCGA-FK-A3SB	TCGA-FK-A3SB-01A	Primary Tumor
59334346-69aa-443a-9afd-4708f66c354c	4baf7544-9583-4f1d-b8ec-f8432aba985c.mirbase21.mirnas.quantification.txt	Transcriptome Profiling	miRNA Expression Quantification	TCGA-THCA	TCGA-BJ-A18Z	TCGA-BJ-A18Z-01A	Primary Tumor
7eb15766-c215-446a-9db3-b5208ae6345a	41e99387-4f23-4dde-8c7b-5524f6e2d63c.mirbase21.mirnas.quantification.txt	Transcriptome Profiling	miRNA Expression Quantification	TCGA-THCA	TCGA-DE-A7U5	TCGA-DE-A7U5-01A	Primary Tumor
9c570d9a-fd65-4e90-9faa-d5565769893d	3582760c-9f34-48a2-a1c1-9deab7bae936.mirbase21.mirnas.quantification.txt	Transcriptome Profiling	miRNA Expression Quantification	TCGA-THCA	TCGA-EM-A3SZ	TCGA-EM-A3SZ-01A	Primary Tumor
c0179543-487d-4d5c-815c-f2e88f054686	efcb0c33-2f6f-47da-8e85-e68bdef491c0.mirbase21.mirnas.quantification.txt	Transcriptome Profiling	miRNA Expression Quantification	TCGA-THCA	TCGA-E3-A3E3	TCGA-E3-A3E3-01A	Primary Tumor
0774e5f3-9ba1-4d8e-b2c4-2ec6ed3e0314	63d41d09-aa58-41cf-a678-ffd15a07d806.mirbase21.mirnas.quantification.txt	Transcriptome Profiling	miRNA Expression Quantification	TCGA-THCA	TCGA-FE-A235	TCGA-FE-A235-01A	Primary Tumor
b171e96f-557b-49d7-a040-0ec7d0157a15	bc9a2564-7d47-4a33-ba7d-0b81c2c07c63.mirbase21.mirnas.quantification.txt	Transcriptome Profiling	miRNA Expression Quantification	TCGA-THCA	TCGA-EM-A3O3	TCGA-EM-A3O3-01A	Primary Tumor
c3d1c4e8-4a1c-4dc1-84a7-b36e2b891eda	05a50bf2-514a-40fb-a258-3f8ed174c223.mirbase21.mirnas.quantification.txt	Transcriptome Profiling	miRNA Expression Quantification	TCGA-THCA	TCGA-BJ-A2N7	TCGA-BJ-A2N7-11A	Solid Tissue Normal
a441d812-c5be-4fdf-907b-83bc1a380805	73574fa5-f3ea-4d10-9227-f1890702f4bc.mirbase21.mirnas.quantification.txt	Transcriptome Profiling	miRNA Expression Quantification	TCGA-THCA	TCGA-KS-A41L	TCGA-KS-A41L-11A	Solid Tissue Normal
271b7355-caf8-4cd0-8273-af1ac9a1ec91	8c1e10a9-cb27-4cf8-a9b1-57f08b6ee55e.mirbase21.mirnas.quantification.txt	Transcriptome Profiling	miRNA Expression Quantification	TCGA-THCA	TCGA-EM-A3AR	TCGA-EM-A3AR-01A	Primary Tumor
eb709d74-ec1f-4863-9c9d-426fd65d9aaa	30727b75-660a-48ba-b8ac-735093ad8c68.mirbase21.mirnas.quantification.txt	Transcriptome Profiling	miRNA Expression Quantification	TCGA-THCA	TCGA-EM-A3FM	TCGA-EM-A3FM-01A	Primary Tumor
b1eb1fc0-bac5-4348-889b-2d8df4103b4b	8381e7ca-fb51-4eb1-8da9-875e37c91b70.mirbase21.mirnas.quantification.txt	Transcriptome Profiling	miRNA Expression Quantification	TCGA-THCA	TCGA-E8-A438	TCGA-E8-A438-01A	Primary Tumor
d81f2384-0b4b-436e-a068-4daba76f29b4	2cb5f696-e982-4cc4-9da6-73d5d366e673.mirbase21.mirnas.quantification.txt	Transcriptome Profiling	miRNA Expression Quantification	TCGA-THCA	TCGA-EM-A22K	TCGA-EM-A22K-01A	Primary Tumor
89cb016e-b296-4ba3-baa9-b911e9b8c99c	09b9d6e1-3fac-445d-ad60-15c85cd50f67.mirbase21.mirnas.quantification.txt	Transcriptome Profiling	miRNA Expression Quantification	TCGA-THCA	TCGA-EL-A3GV	TCGA-EL-A3GV-01A	Primary Tumor
59a06e1d-693d-465b-b20a-cf82c8c0b620	07f38669-2fee-4d27-856a-3923505b80a3.mirbase21.mirnas.quantification.txt	Transcriptome Profiling	miRNA Expression Quantification	TCGA-THCA	TCGA-EM-A3O6	TCGA-EM-A3O6-01A	Primary Tumor
264a1357-a073-4de2-9075-fe65e754a168	9815be85-9450-4a1c-b19b-db8cb7b87f01.mirbase21.mirnas.quantification.txt	Transcriptome Profiling	miRNA Expression Quantification	TCGA-THCA	TCGA-EM-A3SX	TCGA-EM-A3SX-01A	Primary Tumor
bae3780e-c4e5-46b2-8ba9-c8d8eaa87e53	2a1aa470-2e0f-47f8-a16d-8afa7069de2d.mirbase21.mirnas.quantification.txt	Transcriptome Profiling	miRNA Expression Quantification	TCGA-THCA	TCGA-DJ-A3UZ	TCGA-DJ-A3UZ-01A	Primary Tumor
719505c3-7d48-4151-aaec-08140921948c	d9d4ebf2-5038-456c-8b6a-02e96990401e.mirbase21.mirnas.quantification.txt	Transcriptome Profiling	miRNA Expression Quantification	TCGA-THCA	TCGA-EL-A3GR	TCGA-EL-A3GR-01A	Primary Tumor
04af1764-3ce8-40de-81a6-053aa4c756b7	bb4f2f8f-6349-4cc0-893c-08f83f4412d6.mirbase21.mirnas.quantification.txt	Transcriptome Profiling	miRNA Expression Quantification	TCGA-THCA	TCGA-EL-A3ZM	TCGA-EL-A3ZM-01A	Primary Tumor
1ed28a2f-5290-4512-8635-870e7d7ebf5e	b71f608b-d5dd-49b7-a21a-731d32f16646.mirbase21.mirnas.quantification.txt	Transcriptome Profiling	miRNA Expression Quantification	TCGA-THCA	TCGA-EL-A3H5	TCGA-EL-A3H5-01A	Primary Tumor
4a1d9256-858f-49fe-82d9-ed93b8540929	075c61db-06b2-49e0-b0e3-75c1ad573286.mirbase21.mirnas.quantification.txt	Transcriptome Profiling	miRNA Expression Quantification	TCGA-THCA	TCGA-EM-A2CT	TCGA-EM-A2CT-01A	Primary Tumor
09cd208a-efdf-4f89-8d89-4c532249c757	19cd1bf0-cbc9-4eb3-aa8a-741c4f893a54.mirbase21.mirnas.quantification.txt	Transcriptome Profiling	miRNA Expression Quantification	TCGA-THCA	TCGA-BJ-A45F	TCGA-BJ-A45F-01A	Primary Tumor
168e2f36-39ce-4c56-ba72-f146fe6f328b	c20d8fd1-3df8-4f27-a4bc-a1f1dab09f44.mirbase21.mirnas.quantification.txt	Transcriptome Profiling	miRNA Expression Quantification	TCGA-THCA	TCGA-J8-A3YH	TCGA-J8-A3YH-06A	Metastatic
4bf0d622-03c4-4836-8251-b686f455e5c2	26970803-7d41-4008-bace-23fb8d362115.mirbase21.mirnas.quantification.txt	Transcriptome Profiling	miRNA Expression Quantification	TCGA-THCA	TCGA-EL-A3H2	TCGA-EL-A3H2-01A	Primary Tumor
8d932b0a-b1bf-4f92-a54a-2fb31897fb85	7d4502d5-86e4-4ec6-a0e5-eb7cef43b7cb.mirbase21.mirnas.quantification.txt	Transcriptome Profiling	miRNA Expression Quantification	TCGA-THCA	TCGA-FE-A22Z	TCGA-FE-A22Z-01A	Primary Tumor
01e630b1-6fa2-4770-b9ed-18dc426e1402	5debbfdf-6dd3-40c3-91c3-7efb3bb14ad6.mirbase21.mirnas.quantification.txt	Transcriptome Profiling	miRNA Expression Quantification	TCGA-THCA	TCGA-DJ-A1QM	TCGA-DJ-A1QM-01A	Primary Tumor
afcd2919-e27e-463b-8560-52287d12ba7b	82cd2679-e9c6-4983-8e7c-46077126cf6e.mirbase21.mirnas.quantification.txt	Transcriptome Profiling	miRNA Expression Quantification	TCGA-THCA	TCGA-EM-A3AI	TCGA-EM-A3AI-01A	Primary Tumor
559a805a-4e36-4015-a29e-ba970bd845e0	2fce76b7-08a0-45c6-a62d-d8e42b1f5af1.mirbase21.mirnas.quantification.txt	Transcriptome Profiling	miRNA Expression Quantification	TCGA-THCA	TCGA-ET-A25N	TCGA-ET-A25N-01A	Primary Tumor
db9e5a35-8f4e-43fd-97f1-890a2ff32fc3	d5336c2d-ea39-4c87-92ee-966d54ea08f8.mirbase21.mirnas.quantification.txt	Transcriptome Profiling	miRNA Expression Quantification	TCGA-THCA	TCGA-EL-A3MZ	TCGA-EL-A3MZ-01A	Primary Tumor
a6931d7f-c8a3-41f0-b9a5-ec48b9101f33	40dba517-12f2-49aa-ad4e-cea7f1c5025e.mirbase21.mirnas.quantification.txt	Transcriptome Profiling	miRNA Expression Quantification	TCGA-THCA	TCGA-E3-A3DZ	TCGA-E3-A3DZ-01A	Primary Tumor
9bad9b53-ba9c-44b3-a218-45df7205297a	98758cd9-71da-4416-a4eb-b250b4992439.mirbase21.mirnas.quantification.txt	Transcriptome Profiling	miRNA Expression Quantification	TCGA-THCA	TCGA-ET-A3DT	TCGA-ET-A3DT-01A	Primary Tumor
602bf6c9-1328-4389-a7f7-007ec666cbd0	a587d43e-f723-4cb2-a7f7-ae87661f60a4.mirbase21.mirnas.quantification.txt	Transcriptome Profiling	miRNA Expression Quantification	TCGA-THCA	TCGA-DJ-A3VJ	TCGA-DJ-A3VJ-01A	Primary Tumor
c3ac5973-59f6-46b2-8197-181548bffdb5	d088c283-adad-429d-866f-dafc824e7d7c.mirbase21.mirnas.quantification.txt	Transcriptome Profiling	miRNA Expression Quantification	TCGA-THCA	TCGA-IM-A3ED	TCGA-IM-A3ED-01A	Primary Tumor
a5e1108c-c0d2-476f-9c93-0e517dc2fd1e	a0bcd6af-c0cd-4fd2-9a42-6a20b1ce26ef.mirbase21.mirnas.quantification.txt	Transcriptome Profiling	miRNA Expression Quantification	TCGA-THCA	TCGA-FY-A76V	TCGA-FY-A76V-01A	Primary Tumor
031e6d2b-86c1-46ee-b891-2f08a2da740c	647c88cc-9317-4f8b-9a15-5afa9447ca41.mirbase21.mirnas.quantification.txt	Transcriptome Profiling	miRNA Expression Quantification	TCGA-THCA	TCGA-EL-A4K6	TCGA-EL-A4K6-01A	Primary Tumor
01c52bfc-b661-4fa9-badb-b47b62e27187	94f7a01d-d18d-4cc9-92eb-62224085b278.mirbase21.mirnas.quantification.txt	Transcriptome Profiling	miRNA Expression Quantification	TCGA-THCA	TCGA-EL-A4K1	TCGA-EL-A4K1-01A	Primary Tumor
1fbd35b6-85e2-456c-bfdc-ca7d0e0f1eae	700a6455-a8e2-46c8-b49f-409f83ac853f.mirbase21.mirnas.quantification.txt	Transcriptome Profiling	miRNA Expression Quantification	TCGA-THCA	TCGA-BJ-A3PR	TCGA-BJ-A3PR-11A	Solid Tissue Normal
999fc6f4-4a3b-4543-90c3-0acb7c844a71	3435c6f0-6855-4735-8d94-793bf2a4870e.mirbase21.mirnas.quantification.txt	Transcriptome Profiling	miRNA Expression Quantification	TCGA-THCA	TCGA-DJ-A3UW	TCGA-DJ-A3UW-01A	Primary Tumor
57762ffa-c159-48ac-b3b6-e8b2add236ad	2998a09c-fb4a-49c0-a1e0-d3137944c04a.mirbase21.mirnas.quantification.txt	Transcriptome Profiling	miRNA Expression Quantification	TCGA-THCA	TCGA-FY-A3BL	TCGA-FY-A3BL-01A	Primary Tumor
16e65517-dea2-4e75-89f1-5190ab7ad7de	a2321e85-6cf1-4b72-9f5c-14ab8d290797.mirbase21.mirnas.quantification.txt	Transcriptome Profiling	miRNA Expression Quantification	TCGA-THCA	TCGA-ET-A39S	TCGA-ET-A39S-01A	Primary Tumor
678afb9d-d2f2-4ca0-992f-e3db57336f49	45671f8c-9b60-4fea-8ef0-e9f5ce0ce12d.mirbase21.mirnas.quantification.txt	Transcriptome Profiling	miRNA Expression Quantification	TCGA-THCA	TCGA-EM-A3FQ	TCGA-EM-A3FQ-01A	Primary Tumor
4069822d-1aab-4cf0-9a53-f40dfc2fe25d	c237fd53-86a0-49c3-b5f1-7af887c45ab9.mirbase21.mirnas.quantification.txt	Transcriptome Profiling	miRNA Expression Quantification	TCGA-THCA	TCGA-EM-A3FQ	TCGA-EM-A3FQ-06A	Metastatic
a41af2c7-97a7-4393-9cd5-5efa1ec374e6	d37c2063-241e-4ea3-851d-1c8020b861bf.mirbase21.mirnas.quantification.txt	Transcriptome Profiling	miRNA Expression Quantification	TCGA-THCA	TCGA-ET-A3BP	TCGA-ET-A3BP-01A	Primary Tumor
6a36367f-031a-49ba-861c-1cb1dc30dd66	f5460f92-defd-4acd-95dc-97c8c5ae0275.mirbase21.mirnas.quantification.txt	Transcriptome Profiling	miRNA Expression Quantification	TCGA-THCA	TCGA-EM-A3AN	TCGA-EM-A3AN-01A	Primary Tumor
60fc0c2d-75e4-46e9-a1b7-23d3270e5bf5	6ad0da76-6b8d-4abe-8d83-718fbb38df28.mirbase21.mirnas.quantification.txt	Transcriptome Profiling	miRNA Expression Quantification	TCGA-THCA	TCGA-DJ-A1QF	TCGA-DJ-A1QF-01A	Primary Tumor
4eff5915-b95f-42b0-9b27-f96ba9d7791f	8cb8e90d-d316-4f1c-8410-5531347b8dd3.mirbase21.mirnas.quantification.txt	Transcriptome Profiling	miRNA Expression Quantification	TCGA-THCA	TCGA-DJ-A2Q9	TCGA-DJ-A2Q9-01A	Primary Tumor
8dd52b10-e62c-484b-959e-aa51c762fee4	70a87c93-1fea-483c-a51a-4cd66ddc708f.mirbase21.mirnas.quantification.txt	Transcriptome Profiling	miRNA Expression Quantification	TCGA-THCA	TCGA-ET-A25R	TCGA-ET-A25R-01A	Primary Tumor
0e6d5e91-f0a6-4c09-b5c6-24c952413a8c	96c400e0-b7ee-4d1b-9480-b309d9e0a4e0.mirbase21.mirnas.quantification.txt	Transcriptome Profiling	miRNA Expression Quantification	TCGA-THCA	TCGA-EM-A22M	TCGA-EM-A22M-01A	Primary Tumor
31c3981a-9afe-4a25-85d8-6c0943412593	f84da636-f742-4567-b98f-ae06af9ac87c.mirbase21.mirnas.quantification.txt	Transcriptome Profiling	miRNA Expression Quantification	TCGA-THCA	TCGA-BJ-A2N8	TCGA-BJ-A2N8-01A	Primary Tumor
d7febd62-d6ae-442b-a8b5-c0a26641c1f8	652dcd92-d67e-44cc-912b-ecc2cc454e2a.mirbase21.mirnas.quantification.txt	Transcriptome Profiling	miRNA Expression Quantification	TCGA-THCA	TCGA-DE-A0Y3	TCGA-DE-A0Y3-01B	Primary Tumor
b2501103-f77d-4e9d-9c0d-7c3d2c22d6cd	16d32930-6d03-459e-8575-1fb7900e54d9.mirbase21.mirnas.quantification.txt	Transcriptome Profiling	miRNA Expression Quantification	TCGA-THCA	TCGA-EM-A22J	TCGA-EM-A22J-01A	Primary Tumor
49b39330-9ed3-4025-a2a5-c7ad7c035ae1	ec07067f-354e-44c5-9bdb-7a26e7ef6fa1.mirbase21.mirnas.quantification.txt	Transcriptome Profiling	miRNA Expression Quantification	TCGA-THCA	TCGA-EM-A1CU	TCGA-EM-A1CU-01A	Primary Tumor
d001e17d-f372-4b0b-9444-c8e2755c23ae	7d829643-9547-416d-98e0-53b5d7dd1674.mirbase21.mirnas.quantification.txt	Transcriptome Profiling	miRNA Expression Quantification	TCGA-THCA	TCGA-DJ-A4UW	TCGA-DJ-A4UW-01A	Primary Tumor
f35f9b6a-cefd-4b09-9c51-ea954f9d98a2	af12a80b-b054-4cde-872c-5b2debfaa6f3.mirbase21.mirnas.quantification.txt	Transcriptome Profiling	miRNA Expression Quantification	TCGA-THCA	TCGA-DJ-A2PU	TCGA-DJ-A2PU-01A	Primary Tumor
cfbdc4c4-acbd-419a-badf-fb34bf61673a	6757ab52-44e4-4904-9c0d-5aefbf4687f3.mirbase21.mirnas.quantification.txt	Transcriptome Profiling	miRNA Expression Quantification	TCGA-THCA	TCGA-EM-A1YD	TCGA-EM-A1YD-01A	Primary Tumor
d90dd7c5-38ff-400d-94f4-e96197f01ecd	02740d39-6e79-4693-b7ca-fbd2cb9cec92.mirbase21.mirnas.quantification.txt	Transcriptome Profiling	miRNA Expression Quantification	TCGA-THCA	TCGA-KS-A4I7	TCGA-KS-A4I7-01A	Primary Tumor
476fa9b3-1d1e-4b3c-8f95-a239d7cf165f	d4802451-5ae8-40a8-868c-c7bc3744408f.mirbase21.mirnas.quantification.txt	Transcriptome Profiling	miRNA Expression Quantification	TCGA-THCA	TCGA-EM-A1YA	TCGA-EM-A1YA-01A	Primary Tumor
3377b9a1-15a2-4d75-aabe-8d0ada1691e2	8f8821bb-c45a-47d1-a67d-d002da9d565a.mirbase21.mirnas.quantification.txt	Transcriptome Profiling	miRNA Expression Quantification	TCGA-THCA	TCGA-FK-A3SG	TCGA-FK-A3SG-01A	Primary Tumor
b03e80a7-815a-4098-8d11-365c0ee79fe6	33b22506-38ed-4afd-b043-d74028691ce1.mirbase21.mirnas.quantification.txt	Transcriptome Profiling	miRNA Expression Quantification	TCGA-THCA	TCGA-DJ-A3V5	TCGA-DJ-A3V5-01A	Primary Tumor
c18b0c6b-5204-4a4c-ba5c-a1c68d53e09a	95c16165-69c0-49da-9451-cece5aa92807.mirbase21.mirnas.quantification.txt	Transcriptome Profiling	miRNA Expression Quantification	TCGA-THCA	TCGA-ET-A39O	TCGA-ET-A39O-01A	Primary Tumor
6327d34d-9557-4a0f-8a29-0720f89b407d	835d4992-3d3f-46f6-9ba1-af17dfb4aa13.mirbase21.mirnas.quantification.txt	Transcriptome Profiling	miRNA Expression Quantification	TCGA-THCA	TCGA-FY-A40M	TCGA-FY-A40M-01A	Primary Tumor
c70e1699-c40e-465a-8dd1-3caba3caa5dc	2c5bac9f-78db-4d60-b6bb-9a7c6700ddcc.mirbase21.mirnas.quantification.txt	Transcriptome Profiling	miRNA Expression Quantification	TCGA-THCA	TCGA-EL-A3T0	TCGA-EL-A3T0-11A	Solid Tissue Normal
419aeb58-549e-40e9-9b3f-17699bdfc58a	ce8586dd-5408-435b-a28b-048570563ad3.mirbase21.mirnas.quantification.txt	Transcriptome Profiling	miRNA Expression Quantification	TCGA-THCA	TCGA-KS-A41I	TCGA-KS-A41I-11A	Solid Tissue Normal
3b47e492-16b7-4ad9-abe2-bb26311c8839	388623aa-af75-4d4c-a117-4dd84a2fe052.mirbase21.mirnas.quantification.txt	Transcriptome Profiling	miRNA Expression Quantification	TCGA-THCA	TCGA-EL-A4KH	TCGA-EL-A4KH-01A	Primary Tumor
3726e276-521d-4bb7-bc2e-2a00e2a684d7	c867bebd-92c1-4a12-9f19-37569e00ee2f.mirbase21.mirnas.quantification.txt	Transcriptome Profiling	miRNA Expression Quantification	TCGA-THCA	TCGA-EL-A3MW	TCGA-EL-A3MW-11A	Solid Tissue Normal
710fb313-ebaa-4535-889d-b8bbd45225f6	2a5de2f0-d67e-48e0-9166-557e8be5e01c.mirbase21.mirnas.quantification.txt	Transcriptome Profiling	miRNA Expression Quantification	TCGA-THCA	TCGA-FY-A40K	TCGA-FY-A40K-01A	Primary Tumor
42cde53e-142b-4bbb-8aa5-9a451a232c1d	9671a0e9-92dd-4162-8193-88e75651c870.mirbase21.mirnas.quantification.txt	Transcriptome Profiling	miRNA Expression Quantification	TCGA-THCA	TCGA-ET-A3DW	TCGA-ET-A3DW-11A	Solid Tissue Normal
4f0fb1f2-5df1-41c8-a4f3-b8c1e2dbbb19	f5e40292-a2da-4b27-8099-e09a6e5721ec.mirbase21.mirnas.quantification.txt	Transcriptome Profiling	miRNA Expression Quantification	TCGA-THCA	TCGA-ET-A3DW	TCGA-ET-A3DW-01A	Primary Tumor
63962b12-e3e9-444d-8753-ebabd97da8c9	fceeb4b4-ec50-4a70-8b8e-0c75d4933979.mirbase21.mirnas.quantification.txt	Transcriptome Profiling	miRNA Expression Quantification	TCGA-THCA	TCGA-FY-A3I5	TCGA-FY-A3I5-01B	Primary Tumor
9b43771b-5631-463f-8d03-36649984bd34	7b37a543-ac7a-4be1-98ea-f4e9396bef5d.mirbase21.mirnas.quantification.txt	Transcriptome Profiling	miRNA Expression Quantification	TCGA-THCA	TCGA-BJ-A0ZH	TCGA-BJ-A0ZH-01A	Primary Tumor
044b364c-39eb-4695-9302-874ee19448b3	61018bcc-bd77-42fb-84c1-0cdd4bd2d2c3.mirbase21.mirnas.quantification.txt	Transcriptome Profiling	miRNA Expression Quantification	TCGA-THCA	TCGA-BJ-A28V	TCGA-BJ-A28V-01A	Primary Tumor
d6f38993-587c-4003-9780-8e00260c6c68	3ed95d28-e70a-432d-94ae-5f94b8068345.mirbase21.mirnas.quantification.txt	Transcriptome Profiling	miRNA Expression Quantification	TCGA-THCA	TCGA-EL-A4KG	TCGA-EL-A4KG-01A	Primary Tumor
6b1b0f5f-da16-4725-a4cb-3e03aa165fa0	a4dc8e07-e2e2-434e-9708-2377212a9851.mirbase21.mirnas.quantification.txt	Transcriptome Profiling	miRNA Expression Quantification	TCGA-THCA	TCGA-EM-A2P1	TCGA-EM-A2P1-01A	Primary Tumor
deedc0fe-1f7d-48da-a62b-e9ffab7afa4b	33e727ac-a2c4-42b4-9c10-ac3e707006b3.mirbase21.mirnas.quantification.txt	Transcriptome Profiling	miRNA Expression Quantification	TCGA-THCA	TCGA-EL-A3T8	TCGA-EL-A3T8-11A	Solid Tissue Normal
71e911bc-99b8-4dab-92c4-b0690bb71fa9	e8863b75-f534-4a3b-8d04-0b3299349674.mirbase21.mirnas.quantification.txt	Transcriptome Profiling	miRNA Expression Quantification	TCGA-THCA	TCGA-ET-A39R	TCGA-ET-A39R-01A	Primary Tumor
04ea521e-17d2-4ccb-b7d3-49414d363a48	385c7ef7-762b-450e-b1ec-9315f536d6e5.mirbase21.mirnas.quantification.txt	Transcriptome Profiling	miRNA Expression Quantification	TCGA-THCA	TCGA-EM-A2CO	TCGA-EM-A2CO-01A	Primary Tumor
2aac6657-b46d-468e-90b2-6ee1ade4dbb0	ed03e4cd-b25c-4849-be4b-3eb1da01d8ad.mirbase21.mirnas.quantification.txt	Transcriptome Profiling	miRNA Expression Quantification	TCGA-THCA	TCGA-KS-A4I3	TCGA-KS-A4I3-01A	Primary Tumor
4d96c7c6-62e1-41e4-9e89-4719c906dd05	276f87e5-9db3-416f-a8c6-7956d1cf4296.mirbase21.mirnas.quantification.txt	Transcriptome Profiling	miRNA Expression Quantification	TCGA-THCA	TCGA-EL-A3ZP	TCGA-EL-A3ZP-01A	Primary Tumor
8e0e6d28-2c40-4d69-9dc1-75b269e972bf	7bd412c2-1393-4539-9bdc-b0d549ca4783.mirbase21.mirnas.quantification.txt	Transcriptome Profiling	miRNA Expression Quantification	TCGA-THCA	TCGA-EM-A22O	TCGA-EM-A22O-01A	Primary Tumor
f4c3b564-b740-4631-97c5-f29d289a4c5a	065b90bc-0b2e-45ba-a86c-d133c2ea4dca.mirbase21.mirnas.quantification.txt	Transcriptome Profiling	miRNA Expression Quantification	TCGA-THCA	TCGA-EL-A3T7	TCGA-EL-A3T7-01A	Primary Tumor
7f951cd8-8435-4d1e-a2ac-b52f285b5bc3	f5f55a15-0134-42cf-bd57-4d5a08d96e86.mirbase21.mirnas.quantification.txt	Transcriptome Profiling	miRNA Expression Quantification	TCGA-THCA	TCGA-BJ-A28W	TCGA-BJ-A28W-11A	Solid Tissue Normal
791942eb-44cb-4ea2-b02c-47a0f5a62d54	3c9f5700-fe30-4190-94fd-6b15c77b86de.mirbase21.mirnas.quantification.txt	Transcriptome Profiling	miRNA Expression Quantification	TCGA-THCA	TCGA-BJ-A0ZA	TCGA-BJ-A0ZA-01A	Primary Tumor
a8ea2110-b5f0-46e4-856f-a621f875a599	1fd09fef-7250-4bab-9e2d-74381b9820a6.mirbase21.mirnas.quantification.txt	Transcriptome Profiling	miRNA Expression Quantification	TCGA-THCA	TCGA-E8-A2EA	TCGA-E8-A2EA-01A	Primary Tumor
2c7c229d-cae4-4c9d-af29-4fcc1ae7f191	bb889ba7-9ef9-4a5d-afeb-207f7bbbd8cf.mirbase21.mirnas.quantification.txt	Transcriptome Profiling	miRNA Expression Quantification	TCGA-THCA	TCGA-EM-A3FL	TCGA-EM-A3FL-01A	Primary Tumor
bfae293d-d15c-47a1-bb4b-cf82cdc95659	a37b0071-e22b-41e3-b953-7f793693ab88.mirbase21.mirnas.quantification.txt	Transcriptome Profiling	miRNA Expression Quantification	TCGA-THCA	TCGA-DJ-A2Q5	TCGA-DJ-A2Q5-01A	Primary Tumor
e78bba2d-4a64-4d44-96f0-5f8754ed7374	e19de37a-fb22-4a39-8a62-43f0cc88b074.mirbase21.mirnas.quantification.txt	Transcriptome Profiling	miRNA Expression Quantification	TCGA-THCA	TCGA-EM-A3AJ	TCGA-EM-A3AJ-01A	Primary Tumor
843f308c-7fd2-4c32-96fa-1d29ef8618b5	6fb89fbe-3f29-474d-beb4-97c2c681c0cd.mirbase21.mirnas.quantification.txt	Transcriptome Profiling	miRNA Expression Quantification	TCGA-THCA	TCGA-EL-A3ZK	TCGA-EL-A3ZK-01A	Primary Tumor
b64a7f45-add4-4f4b-b4db-71ea30f8f100	ae221bce-f145-4d62-a8a1-fe86b926a04c.mirbase21.mirnas.quantification.txt	Transcriptome Profiling	miRNA Expression Quantification	TCGA-THCA	TCGA-EM-A3ST	TCGA-EM-A3ST-11A	Solid Tissue Normal
5495dafc-4911-43c0-a6d7-38cb7f1bfadc	b53d68d1-4ca9-4fb0-85cd-6cddd83641e5.mirbase21.mirnas.quantification.txt	Transcriptome Profiling	miRNA Expression Quantification	TCGA-THCA	TCGA-E8-A413	TCGA-E8-A413-01A	Primary Tumor
8b49217a-94fe-4994-8c93-12259e19c9df	f09e24fe-88f5-4616-8cb2-8b17847e94bf.mirbase21.mirnas.quantification.txt	Transcriptome Profiling	miRNA Expression Quantification	TCGA-THCA	TCGA-EL-A3CP	TCGA-EL-A3CP-01A	Primary Tumor
ced71153-95b4-4182-8913-3c6cb0ff4325	7bbe1eb2-398d-4ea3-8ce1-d467c73cac6c.mirbase21.mirnas.quantification.txt	Transcriptome Profiling	miRNA Expression Quantification	TCGA-THCA	TCGA-EL-A3N2	TCGA-EL-A3N2-01A	Primary Tumor
4618a9ac-1f35-4393-9b4a-68cfbb64e75d	152535fb-cb4a-4922-8bc4-203563e32f1b.mirbase21.mirnas.quantification.txt	Transcriptome Profiling	miRNA Expression Quantification	TCGA-THCA	TCGA-EL-A4JW	TCGA-EL-A4JW-01A	Primary Tumor
804101eb-3483-4572-8187-2e0c025b1d50	e13802a4-398a-4ba5-b1ee-fb3da5561a3d.mirbase21.mirnas.quantification.txt	Transcriptome Profiling	miRNA Expression Quantification	TCGA-THCA	TCGA-EL-A3ZO	TCGA-EL-A3ZO-11A	Solid Tissue Normal
c22aa1e0-b3d9-4b39-b915-fbb2243d989b	452b2e1d-f5dd-420e-9593-6a5f1ccda289.mirbase21.mirnas.quantification.txt	Transcriptome Profiling	miRNA Expression Quantification	TCGA-THCA	TCGA-DE-A0XZ	TCGA-DE-A0XZ-01A	Primary Tumor
5844833f-02d1-4b7d-9aa6-455ee3779385	a3320695-d971-4d7e-8d65-76d9045db303.mirbase21.mirnas.quantification.txt	Transcriptome Profiling	miRNA Expression Quantification	TCGA-THCA	TCGA-EL-A3CS	TCGA-EL-A3CS-01A	Primary Tumor
6076b44c-1da8-4095-b4ea-1be96d8430cf	0589ad50-1f9d-4692-80a7-6b6aa10f60e5.mirbase21.mirnas.quantification.txt	Transcriptome Profiling	miRNA Expression Quantification	TCGA-THCA	TCGA-CE-A483	TCGA-CE-A483-01A	Primary Tumor
797ced25-2140-4f19-b9ba-6903852d9ec5	16a19432-8aee-4879-a1f6-f74f31259568.mirbase21.mirnas.quantification.txt	Transcriptome Profiling	miRNA Expression Quantification	TCGA-THCA	TCGA-DJ-A4V0	TCGA-DJ-A4V0-01A	Primary Tumor
0ecc238d-abdb-446b-bf0e-71a5737aca74	b5e08ba6-0400-4ade-a131-6cef69a2ed3a.mirbase21.mirnas.quantification.txt	Transcriptome Profiling	miRNA Expression Quantification	TCGA-THCA	TCGA-ET-A3DV	TCGA-ET-A3DV-01A	Primary Tumor
12ec11f9-ed59-4a33-8c87-7aa26db129fc	7711b716-ec7c-4a04-8cd6-1259080bf544.mirbase21.mirnas.quantification.txt	Transcriptome Profiling	miRNA Expression Quantification	TCGA-THCA	TCGA-EL-A3GQ	TCGA-EL-A3GQ-01A	Primary Tumor
91fb70df-ad8d-408a-8f1e-0a8ac18606b1	57284d31-1678-42c9-a49a-77e6adb185fd.mirbase21.mirnas.quantification.txt	Transcriptome Profiling	miRNA Expression Quantification	TCGA-THCA	TCGA-BJ-A290	TCGA-BJ-A290-01A	Primary Tumor
39b2d01e-8ff5-49e4-9d6c-37fa00c58f59	3e12e02b-c99f-4f0a-98a8-fd2b3c966c3d.mirbase21.mirnas.quantification.txt	Transcriptome Profiling	miRNA Expression Quantification	TCGA-THCA	TCGA-DJ-A2QC	TCGA-DJ-A2QC-01A	Primary Tumor
64c2e45d-37b5-4f9c-bcb4-34998a53a182	66c33c3f-82a1-48d8-8f45-9cb192e5bfaf.mirbase21.mirnas.quantification.txt	Transcriptome Profiling	miRNA Expression Quantification	TCGA-THCA	TCGA-BJ-A2N9	TCGA-BJ-A2N9-11A	Solid Tissue Normal
90f06495-08d2-422a-91ba-6218e7b5fc8e	7de7d84e-5f55-40af-b38a-1190b0335620.mirbase21.mirnas.quantification.txt	Transcriptome Profiling	miRNA Expression Quantification	TCGA-THCA	TCGA-BJ-A2N9	TCGA-BJ-A2N9-01A	Primary Tumor
f4ef96b6-7beb-4177-9a9d-6c640e486521	26165d45-d69e-4bd9-9b80-b8a1304f5eb9.mirbase21.mirnas.quantification.txt	Transcriptome Profiling	miRNA Expression Quantification	TCGA-THCA	TCGA-FY-A40N	TCGA-FY-A40N-01A	Primary Tumor
cf915018-26dd-4909-8f20-7b505e6bbff0	2c3ef778-2579-468d-8b96-c643415ea891.mirbase21.mirnas.quantification.txt	Transcriptome Profiling	miRNA Expression Quantification	TCGA-THCA	TCGA-DJ-A2PV	TCGA-DJ-A2PV-01A	Primary Tumor
019e72b4-ad10-4aa5-a110-5d1c0105676e	790380d2-d59f-43b9-8825-3a58bf336ae8.mirbase21.mirnas.quantification.txt	Transcriptome Profiling	miRNA Expression Quantification	TCGA-THCA	TCGA-EM-A1CT	TCGA-EM-A1CT-01A	Primary Tumor
2c011428-0c66-4e2b-892f-f77a820501c5	5da697bb-b907-41bb-bb2c-daa897b5eb7a.mirbase21.mirnas.quantification.txt	Transcriptome Profiling	miRNA Expression Quantification	TCGA-THCA	TCGA-ET-A39J	TCGA-ET-A39J-01A	Primary Tumor
cd8ea494-c34e-4cc3-9656-d7879e2b1444	036be5f9-cdcc-4c37-9134-193085456e8a.mirbase21.mirnas.quantification.txt	Transcriptome Profiling	miRNA Expression Quantification	TCGA-THCA	TCGA-CE-A481	TCGA-CE-A481-01A	Primary Tumor
f78c1025-a6d6-4012-9f7f-af9cda8181da	e5d10f2c-f206-4744-82a9-adf8ed49b1d4.mirbase21.mirnas.quantification.txt	Transcriptome Profiling	miRNA Expression Quantification	TCGA-THCA	TCGA-BJ-A192	TCGA-BJ-A192-01A	Primary Tumor
d5d9eb91-f782-4758-8a41-6ad43f25e65e	aca62e6b-6fd9-4a44-94ae-836765951553.mirbase21.mirnas.quantification.txt	Transcriptome Profiling	miRNA Expression Quantification	TCGA-THCA	TCGA-CE-A482	TCGA-CE-A482-01A	Primary Tumor
01a84949-82e8-43e9-9c1a-97b3f1808e19	221847ac-499f-40d9-804d-41d532876547.mirbase21.mirnas.quantification.txt	Transcriptome Profiling	miRNA Expression Quantification	TCGA-THCA	TCGA-FY-A3I4	TCGA-FY-A3I4-01A	Primary Tumor
e30ea52b-f106-4f3a-be44-7b8aef6b0c6f	7714f19d-27e5-43d0-ad93-9974f0ff918a.mirbase21.mirnas.quantification.txt	Transcriptome Profiling	miRNA Expression Quantification	TCGA-THCA	TCGA-DJ-A3UT	TCGA-DJ-A3UT-01A	Primary Tumor
d2e67c16-574b-4795-ae0f-b6579dd97cca	c989aa25-9ed6-49e9-b943-14d5c8037022.mirbase21.mirnas.quantification.txt	Transcriptome Profiling	miRNA Expression Quantification	TCGA-THCA	TCGA-BJ-A45I	TCGA-BJ-A45I-01A	Primary Tumor
ea50b4f4-03de-4e03-898f-fe3853cf1d54	7a4a91fa-f6cb-405f-b06f-7b8543845e6c.mirbase21.mirnas.quantification.txt	Transcriptome Profiling	miRNA Expression Quantification	TCGA-THCA	TCGA-DJ-A2PS	TCGA-DJ-A2PS-01A	Primary Tumor
28c721b7-3a00-479c-b428-c4d7dd29b98b	1f334cbb-ac1d-41c2-a183-4ab674bd17cc.mirbase21.mirnas.quantification.txt	Transcriptome Profiling	miRNA Expression Quantification	TCGA-THCA	TCGA-EL-A3D5	TCGA-EL-A3D5-01A	Primary Tumor
0b9422a7-437c-4af4-9774-1b252c48c529	3e95363e-5a2f-40e5-9afd-148646082f7e.mirbase21.mirnas.quantification.txt	Transcriptome Profiling	miRNA Expression Quantification	TCGA-THCA	TCGA-DJ-A13X	TCGA-DJ-A13X-01A	Primary Tumor
b4721b11-0f33-4fb3-b2f9-dd1a0a1d307e	041cb0ad-0e59-461f-aa09-fa66ffa0d926.mirbase21.mirnas.quantification.txt	Transcriptome Profiling	miRNA Expression Quantification	TCGA-THCA	TCGA-EL-A3ZR	TCGA-EL-A3ZR-11A	Solid Tissue Normal
3b8c709c-910b-443b-b872-d4e01832d529	e9a63073-20d9-4bd3-8684-8833561862ac.mirbase21.mirnas.quantification.txt	Transcriptome Profiling	miRNA Expression Quantification	TCGA-THCA	TCGA-DJ-A13W	TCGA-DJ-A13W-01A	Primary Tumor
ff6d3048-32bc-40a3-8e82-7ac13d6da86d	ffd9a181-73b5-4274-83c4-9230d90bb69a.mirbase21.mirnas.quantification.txt	Transcriptome Profiling	miRNA Expression Quantification	TCGA-THCA	TCGA-E3-A3E2	TCGA-E3-A3E2-01A	Primary Tumor
f7ffc091-a3e0-486d-b817-a654652c80c5	c5308103-75cf-4024-a27d-69cae826b5c0.mirbase21.mirnas.quantification.txt	Transcriptome Profiling	miRNA Expression Quantification	TCGA-THCA	TCGA-EM-A2OX	TCGA-EM-A2OX-01A	Primary Tumor
263418fc-0121-424b-b12a-221c8c599701	098b85f3-b2de-42db-9a42-9e47bf831b44.mirbase21.mirnas.quantification.txt	Transcriptome Profiling	miRNA Expression Quantification	TCGA-THCA	TCGA-DE-A2OL	TCGA-DE-A2OL-01A	Primary Tumor
7aab5bce-21f3-4ee3-b03f-8829adc6d47d	d48aca0c-6a04-4d10-9c94-ef4542732c3f.mirbase21.mirnas.quantification.txt	Transcriptome Profiling	miRNA Expression Quantification	TCGA-THCA	TCGA-FY-A3R7	TCGA-FY-A3R7-01A	Primary Tumor
b7dce5b3-101e-428e-a0b2-9b17dab82ed0	68bd8884-ba20-4078-8bab-a8c2162a1a09.mirbase21.mirnas.quantification.txt	Transcriptome Profiling	miRNA Expression Quantification	TCGA-THCA	TCGA-EL-A3GW	TCGA-EL-A3GW-01A	Primary Tumor
71609d11-2cd3-41a4-83c5-27ef665c61a3	fbb43a39-6914-42e4-93b3-eb2fdfd528d4.mirbase21.mirnas.quantification.txt	Transcriptome Profiling	miRNA Expression Quantification	TCGA-THCA	TCGA-EM-A4FR	TCGA-EM-A4FR-01A	Primary Tumor
2de1b6ad-a690-43af-9796-6298697e0135	b2636ae4-2bc4-4859-aa73-d009a6091ee4.mirbase21.mirnas.quantification.txt	Transcriptome Profiling	miRNA Expression Quantification	TCGA-THCA	TCGA-ET-A3BX	TCGA-ET-A3BX-01A	Primary Tumor
b365ff24-2e56-4196-a80a-e26fd76373dc	f4859d21-76de-463d-b32d-1e48f9d5a5c1.mirbase21.mirnas.quantification.txt	Transcriptome Profiling	miRNA Expression Quantification	TCGA-THCA	TCGA-EL-A3GX	TCGA-EL-A3GX-01A	Primary Tumor
76fe31f8-24bc-4881-a6e1-de4acb570611	22d46b88-40ec-431d-b290-9b10b29a3dd7.mirbase21.mirnas.quantification.txt	Transcriptome Profiling	miRNA Expression Quantification	TCGA-THCA	TCGA-EM-A3OB	TCGA-EM-A3OB-01A	Primary Tumor
17ea98da-cfee-4e3b-ba63-f0084592d093	9ca0426f-8a36-4f82-bb2f-a42926fc77b1.mirbase21.mirnas.quantification.txt	Transcriptome Profiling	miRNA Expression Quantification	TCGA-THCA	TCGA-CE-A13K	TCGA-CE-A13K-01A	Primary Tumor
7e4fdc80-5a07-41f5-8f34-4f4bb7051e62	27238c19-8b46-480b-bdad-f365174ae46d.mirbase21.mirnas.quantification.txt	Transcriptome Profiling	miRNA Expression Quantification	TCGA-THCA	TCGA-J8-A3NZ	TCGA-J8-A3NZ-01A	Primary Tumor
14cc5d79-6b75-406c-8305-1735752caad5	94908a15-881e-4d1a-99e9-5df73ac874ab.mirbase21.mirnas.quantification.txt	Transcriptome Profiling	miRNA Expression Quantification	TCGA-THCA	TCGA-E8-A434	TCGA-E8-A434-01A	Primary Tumor
69b5ffa4-4fec-4392-82a2-6ede84dfd94d	4280f797-d25f-4f4e-9eb9-44fbab368d3c.mirbase21.mirnas.quantification.txt	Transcriptome Profiling	miRNA Expression Quantification	TCGA-THCA	TCGA-EM-A2CQ	TCGA-EM-A2CQ-01A	Primary Tumor
236a6a5b-c11f-43d7-9232-cc95567a0cf2	e15b65c8-dc73-44e5-a040-0a021933c67d.mirbase21.mirnas.quantification.txt	Transcriptome Profiling	miRNA Expression Quantification	TCGA-THCA	TCGA-FY-A3TY	TCGA-FY-A3TY-11A	Solid Tissue Normal
870e38dc-c68d-4cad-a296-9c484c836f25	e9b27f32-7f18-48a4-b0f1-45d600b27ca2.mirbase21.mirnas.quantification.txt	Transcriptome Profiling	miRNA Expression Quantification	TCGA-THCA	TCGA-BJ-A3F0	TCGA-BJ-A3F0-01A	Primary Tumor
01515f54-f5c9-4f1c-9516-7888b9670757	f620144e-37e8-477a-b8fd-a597a31dbbe5.mirbase21.mirnas.quantification.txt	Transcriptome Profiling	miRNA Expression Quantification	TCGA-THCA	TCGA-DJ-A3UM	TCGA-DJ-A3UM-01A	Primary Tumor
3eb795a2-52a1-474f-bfbc-be19ed139a7f	5f7ba3ff-1262-485c-90fa-8ff4ecd5273e.mirbase21.mirnas.quantification.txt	Transcriptome Profiling	miRNA Expression Quantification	TCGA-THCA	TCGA-IM-A420	TCGA-IM-A420-01A	Primary Tumor
0fa5e8ea-d6aa-4364-bbd0-666901272d0c	7541f79d-bc52-4dee-87cf-3d37a684a94d.mirbase21.mirnas.quantification.txt	Transcriptome Profiling	miRNA Expression Quantification	TCGA-THCA	TCGA-ET-A3DS	TCGA-ET-A3DS-01A	Primary Tumor
6551e593-804f-4df0-b790-087e4e20bd66	1e6c953c-adfd-4910-b72d-4b563fe53161.mirbase21.mirnas.quantification.txt	Transcriptome Profiling	miRNA Expression Quantification	TCGA-THCA	TCGA-EM-A1CW	TCGA-EM-A1CW-01A	Primary Tumor
5d0fefcf-5fc0-4092-a2e7-df7e875382ae	dba76e99-bf9e-4e97-96a2-d0e005a4edd1.mirbase21.mirnas.quantification.txt	Transcriptome Profiling	miRNA Expression Quantification	TCGA-THCA	TCGA-J8-A4HY	TCGA-J8-A4HY-01A	Primary Tumor
1d9acd25-065d-41d6-a049-4a83604609af	bf125523-4b5a-4340-9f15-26c8754934b7.mirbase21.mirnas.quantification.txt	Transcriptome Profiling	miRNA Expression Quantification	TCGA-THCA	TCGA-DE-A4MC	TCGA-DE-A4MC-01A	Primary Tumor
59078cf5-ece6-4b20-b72e-c78684d51bed	1c3d4316-212f-425c-85b9-36a1c4862752.mirbase21.mirnas.quantification.txt	Transcriptome Profiling	miRNA Expression Quantification	TCGA-THCA	TCGA-DJ-A13S	TCGA-DJ-A13S-01A	Primary Tumor
dcf82de4-8376-4a12-a60f-09ea01c50099	11a7f71e-90d6-4fa4-abbc-92fea282cb04.mirbase21.mirnas.quantification.txt	Transcriptome Profiling	miRNA Expression Quantification	TCGA-THCA	TCGA-EL-A3ZG	TCGA-EL-A3ZG-01A	Primary Tumor
5c17087b-841b-4b69-b34d-95880cab8c42	f8db654e-c901-4286-9aa7-3aa645136426.mirbase21.mirnas.quantification.txt	Transcriptome Profiling	miRNA Expression Quantification	TCGA-THCA	TCGA-J8-A3O0	TCGA-J8-A3O0-01A	Primary Tumor
11566156-2ea8-49cf-b796-a622fa18a239	6a4e7c31-18a5-40b5-83d3-30effc23791b.mirbase21.mirnas.quantification.txt	Transcriptome Profiling	miRNA Expression Quantification	TCGA-THCA	TCGA-EM-A2CU	TCGA-EM-A2CU-01A	Primary Tumor
a5386016-be8e-41ba-8271-b4514ef715b1	3ae7d093-8dee-486c-8c23-4c5df362b53e.mirbase21.mirnas.quantification.txt	Transcriptome Profiling	miRNA Expression Quantification	TCGA-THCA	TCGA-ET-A25G	TCGA-ET-A25G-01A	Primary Tumor
2d9f33d6-267c-4eab-8e83-7124e7c42827	499c55bd-a269-4a41-aa1d-413f0497e77d.mirbase21.mirnas.quantification.txt	Transcriptome Profiling	miRNA Expression Quantification	TCGA-THCA	TCGA-4C-A93U	TCGA-4C-A93U-01A	Primary Tumor
f5ae5693-1413-4a00-ae55-b2863873d863	4ea7417e-3f41-486b-baf2-9569c955ee50.mirbase21.mirnas.quantification.txt	Transcriptome Profiling	miRNA Expression Quantification	TCGA-THCA	TCGA-DJ-A4UL	TCGA-DJ-A4UL-01A	Primary Tumor
cbc8ae68-5d43-4b0d-8c0d-81d8b075250e	4409b281-02bd-465a-9b43-6a5e9a6e5fb2.mirbase21.mirnas.quantification.txt	Transcriptome Profiling	miRNA Expression Quantification	TCGA-THCA	TCGA-DJ-A2PP	TCGA-DJ-A2PP-01A	Primary Tumor
3c3026ed-1c30-44c4-a8db-4f4198f5da57	36b09f2b-adcd-43e3-bad8-7aad1c191736.mirbase21.mirnas.quantification.txt	Transcriptome Profiling	miRNA Expression Quantification	TCGA-THCA	TCGA-MK-A4N6	TCGA-MK-A4N6-01A	Primary Tumor
21adc5b0-1342-4008-b5b5-4754947fccc1	3126711a-850c-4c20-a18a-40fb8fff6799.mirbase21.mirnas.quantification.txt	Transcriptome Profiling	miRNA Expression Quantification	TCGA-THCA	TCGA-EM-A3AO	TCGA-EM-A3AO-01A	Primary Tumor
7fff0074-362d-43af-bc79-59a073a89c55	4a7454b5-1268-461b-afcb-d3b06c7323e2.mirbase21.mirnas.quantification.txt	Transcriptome Profiling	miRNA Expression Quantification	TCGA-THCA	TCGA-ET-A4KQ	TCGA-ET-A4KQ-01A	Primary Tumor
7fa7f4ac-cb58-46e7-9d8e-1cc6eb40456c	988f21a6-9575-43ac-8561-fc56a8c5b408.mirbase21.mirnas.quantification.txt	Transcriptome Profiling	miRNA Expression Quantification	TCGA-THCA	TCGA-EM-A4FN	TCGA-EM-A4FN-01A	Primary Tumor
b9af2448-030f-4009-b804-99952bfbd226	55257105-a6de-4156-94d2-7f3d16752c66.mirbase21.mirnas.quantification.txt	Transcriptome Profiling	miRNA Expression Quantification	TCGA-THCA	TCGA-DJ-A2PW	TCGA-DJ-A2PW-01A	Primary Tumor
9606a186-860a-454d-9486-9a3a90b46ea1	32633f16-38b9-4329-a16d-254ffe911256.mirbase21.mirnas.quantification.txt	Transcriptome Profiling	miRNA Expression Quantification	TCGA-THCA	TCGA-EM-A2P2	TCGA-EM-A2P2-01A	Primary Tumor
08299cac-63e5-4ee4-8711-29d157c5fb59	0eee81e3-1f0c-474d-ba00-f98c8d3fc89a.mirbase21.mirnas.quantification.txt	Transcriptome Profiling	miRNA Expression Quantification	TCGA-THCA	TCGA-BJ-A0Z0	TCGA-BJ-A0Z0-01A	Primary Tumor
b9b76718-0993-4e10-8ba0-26e71981bb11	6f3afc55-1d66-429d-a0ff-539b1b2ffc85.mirbase21.mirnas.quantification.txt	Transcriptome Profiling	miRNA Expression Quantification	TCGA-THCA	TCGA-FE-A236	TCGA-FE-A236-01A	Primary Tumor
1f6e9a0a-7421-4b77-90c6-3f6e0394524d	4bdb5cee-20e5-42a4-8772-2e3a7c99b306.mirbase21.mirnas.quantification.txt	Transcriptome Profiling	miRNA Expression Quantification	TCGA-THCA	TCGA-EL-A3T9	TCGA-EL-A3T9-01A	Primary Tumor
16b4ad19-4a70-4912-bd64-13bd9ee09ddc	573b8129-67b9-4ae5-84bb-09e82b2f9271.mirbase21.mirnas.quantification.txt	Transcriptome Profiling	miRNA Expression Quantification	TCGA-THCA	TCGA-EL-A4JZ	TCGA-EL-A4JZ-01A	Primary Tumor
9a42335a-e9cc-441f-819e-38d588fc3f46	7e024aa1-ee52-4806-bc9b-1566f16f6e0c.mirbase21.mirnas.quantification.txt	Transcriptome Profiling	miRNA Expression Quantification	TCGA-THCA	TCGA-FK-A3SH	TCGA-FK-A3SH-01A	Primary Tumor
18300cbc-c16e-4650-a208-e1ed8785903f	ef177ed7-06d0-4849-b443-653020ae0f17.mirbase21.mirnas.quantification.txt	Transcriptome Profiling	miRNA Expression Quantification	TCGA-THCA	TCGA-DE-A0Y2	TCGA-DE-A0Y2-01A	Primary Tumor
58e0e922-68d9-4471-a7a2-d2b3e65393b6	6f0c1d40-b62f-43c9-a369-70c68237af78.mirbase21.mirnas.quantification.txt	Transcriptome Profiling	miRNA Expression Quantification	TCGA-THCA	TCGA-EM-A3O8	TCGA-EM-A3O8-01A	Primary Tumor
3ea7ceed-7dca-4002-ba40-b7c1fbd9ded3	cf1034c1-a807-4a07-a06f-50ac121bb4a9.mirbase21.mirnas.quantification.txt	Transcriptome Profiling	miRNA Expression Quantification	TCGA-THCA	TCGA-DJ-A2PQ	TCGA-DJ-A2PQ-01A	Primary Tumor
55ae8694-e319-4771-bd15-5414d23e6c8c	02e58b7f-e334-4f23-a2d5-53a594a8b6ca.mirbase21.mirnas.quantification.txt	Transcriptome Profiling	miRNA Expression Quantification	TCGA-THCA	TCGA-DJ-A3V3	TCGA-DJ-A3V3-01A	Primary Tumor
ceddb420-b434-4e5c-80f4-0a3d19b0f50c	b9404ed1-bc6f-4b0a-b2e3-d720c6950473.mirbase21.mirnas.quantification.txt	Transcriptome Profiling	miRNA Expression Quantification	TCGA-THCA	TCGA-DJ-A3UR	TCGA-DJ-A3UR-01A	Primary Tumor
e5c21b22-9630-40cc-ba73-49389b6e4466	67789ac1-c913-465c-8826-a091942e2500.mirbase21.mirnas.quantification.txt	Transcriptome Profiling	miRNA Expression Quantification	TCGA-THCA	TCGA-EM-A3FN	TCGA-EM-A3FN-01A	Primary Tumor
d0ece16d-5fcc-4d64-b2d4-1f325d2384f1	2d79e5a9-edd4-4bda-bfd9-0118146e83c7.mirbase21.mirnas.quantification.txt	Transcriptome Profiling	miRNA Expression Quantification	TCGA-THCA	TCGA-FE-A23A	TCGA-FE-A23A-01A	Primary Tumor
6db88f0c-921f-4113-897b-8c0822bc59a7	787e639f-885f-4fcd-8592-39e3cf6d9e3f.mirbase21.mirnas.quantification.txt	Transcriptome Profiling	miRNA Expression Quantification	TCGA-THCA	TCGA-EL-A3TB	TCGA-EL-A3TB-01A	Primary Tumor
5df2263e-8c19-4b53-b626-709c874c0e2d	0dbdbfc8-1201-4ca8-ae92-1dd67e29b774.mirbase21.mirnas.quantification.txt	Transcriptome Profiling	miRNA Expression Quantification	TCGA-THCA	TCGA-DJ-A2PZ	TCGA-DJ-A2PZ-01A	Primary Tumor
10350f6d-804e-4e28-882c-baca10bcbef7	b94543ee-a239-4974-b4a6-e1bba95df4b9.mirbase21.mirnas.quantification.txt	Transcriptome Profiling	miRNA Expression Quantification	TCGA-THCA	TCGA-DJ-A3V8	TCGA-DJ-A3V8-01A	Primary Tumor
66127bfd-e3fc-40e0-8e50-b54c04b74a43	19c0296c-c4aa-475d-99ed-650a57ce9dd2.mirbase21.mirnas.quantification.txt	Transcriptome Profiling	miRNA Expression Quantification	TCGA-THCA	TCGA-DJ-A2PT	TCGA-DJ-A2PT-01A	Primary Tumor
4cad7891-02df-4580-baf6-52a474e93301	b4030a6a-d30d-4481-ab98-9997e75d5a97.mirbase21.mirnas.quantification.txt	Transcriptome Profiling	miRNA Expression Quantification	TCGA-THCA	TCGA-DJ-A3V2	TCGA-DJ-A3V2-01A	Primary Tumor
34d1e8aa-6f31-4771-9a7c-0b335f8da029	c37b66b2-9760-418e-b5bf-5baa3cb8244a.mirbase21.mirnas.quantification.txt	Transcriptome Profiling	miRNA Expression Quantification	TCGA-THCA	TCGA-CE-A484	TCGA-CE-A484-01A	Primary Tumor
5cba5ba2-c29f-4a99-a004-354088491626	b4af551c-38fc-4bda-aa05-a4ef8cf178cc.mirbase21.mirnas.quantification.txt	Transcriptome Profiling	miRNA Expression Quantification	TCGA-THCA	TCGA-EM-A2P1	TCGA-EM-A2P1-06A	Metastatic
cec9ac05-4934-4666-8c53-2cf99a0219ee	9bb94173-a2f2-474d-9539-25e6da1e419a.mirbase21.mirnas.quantification.txt	Transcriptome Profiling	miRNA Expression Quantification	TCGA-THCA	TCGA-ET-A3DP	TCGA-ET-A3DP-11A	Solid Tissue Normal
62255b47-472e-43d8-a8a8-de45bac091ee	07ef29b7-6102-4ccc-a826-40865bbf26ae.mirbase21.mirnas.quantification.txt	Transcriptome Profiling	miRNA Expression Quantification	TCGA-THCA	TCGA-CE-A27D	TCGA-CE-A27D-01A	Primary Tumor
98591102-98d4-4b13-a945-c2d3a5e1fe51	47106f4c-8d46-441f-b3a7-7dc186b1d076.mirbase21.mirnas.quantification.txt	Transcriptome Profiling	miRNA Expression Quantification	TCGA-THCA	TCGA-EL-A4KI	TCGA-EL-A4KI-01A	Primary Tumor
570a6a0e-7b2b-48d5-a619-f8fcd81c8e55	8044dc9f-0b6a-41db-9167-6fbb4d8a3d02.mirbase21.mirnas.quantification.txt	Transcriptome Profiling	miRNA Expression Quantification	TCGA-THCA	TCGA-ET-A39L	TCGA-ET-A39L-01A	Primary Tumor
8e76c4e8-67f9-4c52-883e-49eadc2cd5d2	02943785-c4f2-42b5-89f5-40e27fd0e604.mirbase21.mirnas.quantification.txt	Transcriptome Profiling	miRNA Expression Quantification	TCGA-THCA	TCGA-EL-A3ZH	TCGA-EL-A3ZH-01A	Primary Tumor
f735ea4f-c474-4e44-a58e-7e9ec66d26aa	c3e91806-22fa-4357-99fb-ae246f07a5f1.mirbase21.mirnas.quantification.txt	Transcriptome Profiling	miRNA Expression Quantification	TCGA-THCA	TCGA-EM-A3AQ	TCGA-EM-A3AQ-01A	Primary Tumor
ecc42d66-e68c-40fa-b23a-c862519d8e92	c3b4d28c-6a15-4f33-9a27-ed356fbed68c.mirbase21.mirnas.quantification.txt	Transcriptome Profiling	miRNA Expression Quantification	TCGA-THCA	TCGA-DO-A2HM	TCGA-DO-A2HM-01B	Primary Tumor
4084da46-87a4-4366-9b6b-432646758e16	171f24e7-97a1-43fc-b8a1-4850440ae57c.mirbase21.mirnas.quantification.txt	Transcriptome Profiling	miRNA Expression Quantification	TCGA-THCA	TCGA-EL-A3ZK	TCGA-EL-A3ZK-11A	Solid Tissue Normal
c28c479d-2342-43ba-8f6a-5a8fe914de4e	a10c4e6c-90c3-4ee8-9770-0f86656ebb13.mirbase21.mirnas.quantification.txt	Transcriptome Profiling	miRNA Expression Quantification	TCGA-THCA	TCGA-KS-A4ID	TCGA-KS-A4ID-01A	Primary Tumor
8e2571a3-b88e-4afb-942d-bd06a4267962	277fd0fa-e036-4fe3-9f31-a2c10f88e7b1.mirbase21.mirnas.quantification.txt	Transcriptome Profiling	miRNA Expression Quantification	TCGA-THCA	TCGA-H2-A2K9	TCGA-H2-A2K9-01A	Primary Tumor
53aa6072-62e1-4fa2-9c52-2384ade5a14a	67d07137-6f62-4608-bdb1-e515e91921b9.mirbase21.mirnas.quantification.txt	Transcriptome Profiling	miRNA Expression Quantification	TCGA-THCA	TCGA-BJ-A191	TCGA-BJ-A191-01A	Primary Tumor
d3d8d7b0-93f4-44f0-ae6b-35b159ff4e44	da589abf-f00b-4374-a122-da0903accbf4.mirbase21.mirnas.quantification.txt	Transcriptome Profiling	miRNA Expression Quantification	TCGA-THCA	TCGA-DE-A69K	TCGA-DE-A69K-01A	Primary Tumor
998d985f-180f-40c5-b52e-8ee3da2ba572	2e7085e9-ce85-4e5e-9e54-8f7cb2678995.mirbase21.mirnas.quantification.txt	Transcriptome Profiling	miRNA Expression Quantification	TCGA-THCA	TCGA-EL-A3N2	TCGA-EL-A3N2-11A	Solid Tissue Normal
8ff29bab-7cc5-4262-94d8-be891c1f8b89	7c238dbb-5e5e-4a2b-b4ed-c3bde82386cd.mirbase21.mirnas.quantification.txt	Transcriptome Profiling	miRNA Expression Quantification	TCGA-THCA	TCGA-ET-A2N5	TCGA-ET-A2N5-11B	Solid Tissue Normal
fab660ab-7f5f-4ce4-a831-c5b68c17e93b	eb7ec9bf-b081-4a44-9597-081554acdb91.mirbase21.mirnas.quantification.txt	Transcriptome Profiling	miRNA Expression Quantification	TCGA-THCA	TCGA-BJ-A45D	TCGA-BJ-A45D-01A	Primary Tumor
f3c52f50-86c9-4104-ab71-bd8f7446b6a3	1d50d5f6-8688-4b8a-9eba-5c2c199bd429.mirbase21.mirnas.quantification.txt	Transcriptome Profiling	miRNA Expression Quantification	TCGA-THCA	TCGA-EL-A3MY	TCGA-EL-A3MY-01A	Primary Tumor
392d02d9-1781-4cd6-b17e-e0da4b8c2f69	7df866d6-5f0d-4c37-b088-bb43c3f59af5.mirbase21.mirnas.quantification.txt	Transcriptome Profiling	miRNA Expression Quantification	TCGA-THCA	TCGA-EL-A3MY	TCGA-EL-A3MY-11A	Solid Tissue Normal
067018b7-6327-4716-a2c2-e4f388b5fd33	9c8833e3-4a8a-4a57-bd37-5c5c7115701c.mirbase21.mirnas.quantification.txt	Transcriptome Profiling	miRNA Expression Quantification	TCGA-THCA	TCGA-E8-A242	TCGA-E8-A242-01A	Primary Tumor
ee8de53c-863d-4ab0-968a-2c150c1ebe08	6330e0db-2cc6-4907-b1cf-664721657d92.mirbase21.mirnas.quantification.txt	Transcriptome Profiling	miRNA Expression Quantification	TCGA-THCA	TCGA-BJ-A45C	TCGA-BJ-A45C-01A	Primary Tumor
4c276661-6132-498e-9ee5-457972c9275f	fe4a6e5c-e083-4238-b4c9-2ae1448e4f0e.mirbase21.mirnas.quantification.txt	Transcriptome Profiling	miRNA Expression Quantification	TCGA-THCA	TCGA-FE-A3PB	TCGA-FE-A3PB-01A	Primary Tumor
b45dd19b-8c01-42d0-b722-ac5f3b07d2bd	33c137ba-59ec-4fd0-a758-c69830a658c0.mirbase21.mirnas.quantification.txt	Transcriptome Profiling	miRNA Expression Quantification	TCGA-THCA	TCGA-DJ-A2Q8	TCGA-DJ-A2Q8-01A	Primary Tumor
1cb17ae5-7167-4854-a908-9b1b08d62f80	5bf89e42-d3aa-497a-82fe-c5b4a69ad137.mirbase21.mirnas.quantification.txt	Transcriptome Profiling	miRNA Expression Quantification	TCGA-THCA	TCGA-DJ-A3V6	TCGA-DJ-A3V6-01A	Primary Tumor
21d00019-a471-4342-928d-6b774ff303bb	d62cdfa2-0771-4d83-a70a-dea1ae4bd106.mirbase21.mirnas.quantification.txt	Transcriptome Profiling	miRNA Expression Quantification	TCGA-THCA	TCGA-E8-A44K	TCGA-E8-A44K-01A	Primary Tumor
1e9e759b-e674-4954-a29c-d9181452afd9	be18c3df-4d80-4e08-9243-39c455348b69.mirbase21.mirnas.quantification.txt	Transcriptome Profiling	miRNA Expression Quantification	TCGA-THCA	TCGA-FE-A3PD	TCGA-FE-A3PD-01A	Primary Tumor
169afd7c-c4d3-4cff-90f5-5f1f7b253d08	ea09ecb2-0d40-4e50-a542-b94996cd5bb4.mirbase21.mirnas.quantification.txt	Transcriptome Profiling	miRNA Expression Quantification	TCGA-THCA	TCGA-DJ-A1QG	TCGA-DJ-A1QG-01A	Primary Tumor
684c58c7-1e69-47f1-816b-b2d035d74151	eb9862b7-12ce-4ad3-bd20-2d9ad7d3636c.mirbase21.mirnas.quantification.txt	Transcriptome Profiling	miRNA Expression Quantification	TCGA-THCA	TCGA-FY-A2QD	TCGA-FY-A2QD-01A	Primary Tumor
34d0a818-ff41-47ab-9359-c598bdc3b2c2	8494e1a8-4ddf-4a7a-be43-f123e958a69c.mirbase21.mirnas.quantification.txt	Transcriptome Profiling	miRNA Expression Quantification	TCGA-THCA	TCGA-BJ-A28R	TCGA-BJ-A28R-01A	Primary Tumor
a8637c81-bf67-41cc-bfd9-8345ed1aa897	1d026d7a-c963-4c32-b821-b0d15fb2d2df.mirbase21.mirnas.quantification.txt	Transcriptome Profiling	miRNA Expression Quantification	TCGA-THCA	TCGA-BJ-A0ZJ	TCGA-BJ-A0ZJ-01A	Primary Tumor
93bce2e3-5c54-42de-a695-9973f05c9cd3	82a6f9f8-d16a-48a6-95ac-483c66594574.mirbase21.mirnas.quantification.txt	Transcriptome Profiling	miRNA Expression Quantification	TCGA-THCA	TCGA-EL-A4K0	TCGA-EL-A4K0-01A	Primary Tumor
2ee74c8b-a3f0-4869-ae47-a736c7c90a8d	aa30375f-0af7-44a5-99eb-f764de59a448.mirbase21.mirnas.quantification.txt	Transcriptome Profiling	miRNA Expression Quantification	TCGA-THCA	TCGA-ET-A2N4	TCGA-ET-A2N4-01A	Primary Tumor
e471fae8-1997-4d39-b651-c13fd9038309	223ddb18-a31f-4c89-a0bd-2e4e4f2dbdef.mirbase21.mirnas.quantification.txt	Transcriptome Profiling	miRNA Expression Quantification	TCGA-THCA	TCGA-ET-A39P	TCGA-ET-A39P-01A	Primary Tumor
4974d2f6-ccec-46d1-882c-56faec1c37b8	a2a5097e-3245-4253-bf30-94fe2d0fac07.mirbase21.mirnas.quantification.txt	Transcriptome Profiling	miRNA Expression Quantification	TCGA-THCA	TCGA-DO-A1K0	TCGA-DO-A1K0-01A	Primary Tumor
9d416517-7740-4e8f-b3bf-a3b714ddf70b	7dca8588-06f9-488d-9638-90865e2b4cde.mirbase21.mirnas.quantification.txt	Transcriptome Profiling	miRNA Expression Quantification	TCGA-THCA	TCGA-BJ-A3PT	TCGA-BJ-A3PT-01A	Primary Tumor
3576e89e-17c0-411a-b56b-f609ec31128f	66e628ab-37e7-4101-b833-4ab2d40d5f7c.mirbase21.mirnas.quantification.txt	Transcriptome Profiling	miRNA Expression Quantification	TCGA-THCA	TCGA-DJ-A2PY	TCGA-DJ-A2PY-01A	Primary Tumor
cf335625-d43e-43c2-8821-42aaa96dd35b	5327bab9-52e3-458a-b583-5fc304ed5ff2.mirbase21.mirnas.quantification.txt	Transcriptome Profiling	miRNA Expression Quantification	TCGA-THCA	TCGA-E8-A432	TCGA-E8-A432-01A	Primary Tumor
2537e594-21e6-488e-b2e6-82784a26900f	f588990e-1468-4e64-9285-33f70009c913.mirbase21.mirnas.quantification.txt	Transcriptome Profiling	miRNA Expression Quantification	TCGA-THCA	TCGA-EM-A3FR	TCGA-EM-A3FR-01A	Primary Tumor
856012ed-0c9a-41a0-a280-8335193fb49d	bec0907b-ad26-45bb-a751-5110ba053c4f.mirbase21.mirnas.quantification.txt	Transcriptome Profiling	miRNA Expression Quantification	TCGA-THCA	TCGA-MK-A4N9	TCGA-MK-A4N9-01A	Primary Tumor
c7b6a230-9f61-4f12-a39c-554837954bb4	9c252100-1376-4a1b-9c7d-8dfdd60da231.mirbase21.mirnas.quantification.txt	Transcriptome Profiling	miRNA Expression Quantification	TCGA-THCA	TCGA-H2-A421	TCGA-H2-A421-01A	Primary Tumor
044c01d9-4874-4ebe-a1d3-8921df6c3f7d	4eaf3244-365e-4cdd-a05a-69e88d79becc.mirbase21.mirnas.quantification.txt	Transcriptome Profiling	miRNA Expression Quantification	TCGA-THCA	TCGA-ET-A3DR	TCGA-ET-A3DR-01A	Primary Tumor
8d71b1f2-60f3-404b-92cf-c53478f3df50	040094f0-9cb5-43a4-9096-b951240a7b7d.mirbase21.mirnas.quantification.txt	Transcriptome Profiling	miRNA Expression Quantification	TCGA-THCA	TCGA-EM-A1CT	TCGA-EM-A1CT-11A	Solid Tissue Normal
c83f5e0c-0f44-4bda-8818-0fb899bd634b	aaf22d35-b0cd-4749-b9e4-9c613095ad26.mirbase21.mirnas.quantification.txt	Transcriptome Profiling	miRNA Expression Quantification	TCGA-THCA	TCGA-EL-A4JX	TCGA-EL-A4JX-01A	Primary Tumor
3d09f2fd-de28-48d5-859b-25316f214aa2	f33c76fc-4e24-4de3-b35f-3af1192d4efd.mirbase21.mirnas.quantification.txt	Transcriptome Profiling	miRNA Expression Quantification	TCGA-THCA	TCGA-EL-A3D6	TCGA-EL-A3D6-01A	Primary Tumor
2b3af399-f71e-45b9-9104-6bdc1de6c78c	545eef4a-fb16-4b21-bb95-43745835c175.mirbase21.mirnas.quantification.txt	Transcriptome Profiling	miRNA Expression Quantification	TCGA-THCA	TCGA-EL-A4K7	TCGA-EL-A4K7-01A	Primary Tumor
0e4b0f54-ce35-4342-a3f5-40db82baf2dd	ce1fdb0f-383b-40fd-bc47-d56c31015d1d.mirbase21.mirnas.quantification.txt	Transcriptome Profiling	miRNA Expression Quantification	TCGA-THCA	TCGA-EL-A3H4	TCGA-EL-A3H4-01A	Primary Tumor
8bad0a8c-af5d-4352-8d85-5dfe18a5004a	20d94b73-8562-43be-9720-ff530178b455.mirbase21.mirnas.quantification.txt	Transcriptome Profiling	miRNA Expression Quantification	TCGA-THCA	TCGA-DJ-A2Q1	TCGA-DJ-A2Q1-01A	Primary Tumor
89767f27-4290-49cf-a13a-0beb1131aed2	7b87a393-8539-4aa6-bb73-c830c9166658.mirbase21.mirnas.quantification.txt	Transcriptome Profiling	miRNA Expression Quantification	TCGA-THCA	TCGA-BJ-A45K	TCGA-BJ-A45K-01A	Primary Tumor
519c668a-057c-4165-b376-5143014e3b80	dca4157c-c7b5-44eb-ad15-b0fa0ab98249.mirbase21.mirnas.quantification.txt	Transcriptome Profiling	miRNA Expression Quantification	TCGA-THCA	TCGA-ET-A3BT	TCGA-ET-A3BT-01A	Primary Tumor
6887e143-4b84-423e-86df-4865ac45ea78	d4f97dfe-dc81-4696-b781-e658ac291194.mirbase21.mirnas.quantification.txt	Transcriptome Profiling	miRNA Expression Quantification	TCGA-THCA	TCGA-E8-A417	TCGA-E8-A417-01A	Primary Tumor
354fb6d8-3b0f-40ea-8d7e-d7817dd085aa	66e5c0e7-7c5f-42fb-9cce-c07b9a5ac4ca.mirbase21.mirnas.quantification.txt	Transcriptome Profiling	miRNA Expression Quantification	TCGA-THCA	TCGA-BJ-A2P4	TCGA-BJ-A2P4-01A	Primary Tumor
30ee6e92-dd7a-4e39-8649-b8008b64de5b	b84626ac-eef2-4caa-9ee3-4f033f3917c7.mirbase21.mirnas.quantification.txt	Transcriptome Profiling	miRNA Expression Quantification	TCGA-THCA	TCGA-DJ-A1QH	TCGA-DJ-A1QH-01A	Primary Tumor
dd38c317-506b-488b-b80b-bcbf792cea10	0a6da6e1-dee2-4589-a75e-7a2b8f87181a.mirbase21.mirnas.quantification.txt	Transcriptome Profiling	miRNA Expression Quantification	TCGA-THCA	TCGA-EL-A3GZ	TCGA-EL-A3GZ-11A	Solid Tissue Normal
e08c52b7-d283-4c0f-8957-d15fa887800c	181af063-0ede-4408-b32a-315026a5b976.mirbase21.mirnas.quantification.txt	Transcriptome Profiling	miRNA Expression Quantification	TCGA-THCA	TCGA-DO-A1JZ	TCGA-DO-A1JZ-11A	Solid Tissue Normal
69a181f6-8f6d-495f-ad03-062be276093a	f50b255e-de09-42f2-86f5-1e26a0ebb011.mirbase21.mirnas.quantification.txt	Transcriptome Profiling	miRNA Expression Quantification	TCGA-THCA	TCGA-CE-A3MD	TCGA-CE-A3MD-01A	Primary Tumor
dbb80ac5-f03b-4e2b-9f92-105cf79344a5	c4fdeefb-64a9-47b5-a6be-0343d7af01fb.mirbase21.mirnas.quantification.txt	Transcriptome Profiling	miRNA Expression Quantification	TCGA-THCA	TCGA-H2-A3RI	TCGA-H2-A3RI-11A	Solid Tissue Normal
7d1df0bd-6dfe-4d63-b127-15b045a2c27f	fcdb3767-38f1-42b1-ab25-3e4ebc3dfff2.mirbase21.mirnas.quantification.txt	Transcriptome Profiling	miRNA Expression Quantification	TCGA-THCA	TCGA-DJ-A1QE	TCGA-DJ-A1QE-01A	Primary Tumor
8736915e-9a79-4a9f-ad49-73b7c113b3f3	953c0b07-9369-4061-9a76-fa2ff1561615.mirbase21.mirnas.quantification.txt	Transcriptome Profiling	miRNA Expression Quantification	TCGA-THCA	TCGA-ET-A3DO	TCGA-ET-A3DO-01A	Primary Tumor
a21cdbbd-6cd3-49d0-a916-5af2222e1f98	0288b600-17a2-4739-ad45-33f9fd04775f.mirbase21.mirnas.quantification.txt	Transcriptome Profiling	miRNA Expression Quantification	TCGA-THCA	TCGA-DJ-A3VA	TCGA-DJ-A3VA-01A	Primary Tumor
4ff1cf35-7e8e-44f2-a09a-2d281f10b779	e7755791-a8c9-4cb8-9959-b63a4ddb9ac3.mirbase21.mirnas.quantification.txt	Transcriptome Profiling	miRNA Expression Quantification	TCGA-THCA	TCGA-EL-A3CN	TCGA-EL-A3CN-01A	Primary Tumor
7c3b7f76-1d6b-4b00-b657-3e4ecf2f1438	f3b7c565-5fc5-4bb8-847c-04a9e8595400.mirbase21.mirnas.quantification.txt	Transcriptome Profiling	miRNA Expression Quantification	TCGA-THCA	TCGA-ET-A4KN	TCGA-ET-A4KN-01A	Primary Tumor
bc569214-9b44-40c5-ac93-68680bf77386	16b031ee-800d-45d8-8219-42e760eed842.mirbase21.mirnas.quantification.txt	Transcriptome Profiling	miRNA Expression Quantification	TCGA-THCA	TCGA-EL-A3GY	TCGA-EL-A3GY-01A	Primary Tumor
edb387b2-fcda-4131-b593-f17203e4953d	dd61385e-445d-46c8-a316-2ea625d506c7.mirbase21.mirnas.quantification.txt	Transcriptome Profiling	miRNA Expression Quantification	TCGA-THCA	TCGA-J8-A3YD	TCGA-J8-A3YD-01A	Primary Tumor
cff4ac4b-9914-4a4d-a7c2-53230d656757	4547ea31-e3b9-4a64-8ae3-09836a60b3fa.mirbase21.mirnas.quantification.txt	Transcriptome Profiling	miRNA Expression Quantification	TCGA-THCA	TCGA-KS-A41J	TCGA-KS-A41J-01A	Primary Tumor
a904069b-0de8-4b10-b376-cfd2c7eced0f	4e31fddf-fc22-4080-a9cd-3bae46a501ee.mirbase21.mirnas.quantification.txt	Transcriptome Profiling	miRNA Expression Quantification	TCGA-THCA	TCGA-EM-A2OY	TCGA-EM-A2OY-01A	Primary Tumor
a3b7b166-eff4-42e6-95a2-af21adb8677a	a94490aa-ea42-4858-a017-0e76fc67f2e8.mirbase21.mirnas.quantification.txt	Transcriptome Profiling	miRNA Expression Quantification	TCGA-THCA	TCGA-MK-A4N7	TCGA-MK-A4N7-01A	Primary Tumor
a194d5c2-7e26-4796-b2be-c1bc37182393	1853013d-8990-4be0-89a2-2a1852f722ad.mirbase21.mirnas.quantification.txt	Transcriptome Profiling	miRNA Expression Quantification	TCGA-THCA	TCGA-J8-A4HW	TCGA-J8-A4HW-06A	Metastatic
01d39891-e624-43bb-bd97-84fcbe99c973	5639f12b-9e07-4a69-a7ce-4acb34abab54.mirbase21.mirnas.quantification.txt	Transcriptome Profiling	miRNA Expression Quantification	TCGA-THCA	TCGA-EM-A2CJ	TCGA-EM-A2CJ-01A	Primary Tumor
3338b526-ba5f-4c22-868a-fc27376f205d	9f40264d-9fd0-4860-b83b-44520be46aeb.mirbase21.mirnas.quantification.txt	Transcriptome Profiling	miRNA Expression Quantification	TCGA-THCA	TCGA-J8-A3O1	TCGA-J8-A3O1-01A	Primary Tumor
46933aae-b0f7-4664-981a-eccddf74dede	c5123b70-75b6-48f9-bc9e-dad708d591f9.mirbase21.mirnas.quantification.txt	Transcriptome Profiling	miRNA Expression Quantification	TCGA-THCA	TCGA-DJ-A3VD	TCGA-DJ-A3VD-01A	Primary Tumor
402de924-dc48-4425-b643-b0cc12c0a740	94d24b5e-f6ba-4f32-bc38-8978ea4b9530.mirbase21.mirnas.quantification.txt	Transcriptome Profiling	miRNA Expression Quantification	TCGA-THCA	TCGA-L6-A4ET	TCGA-L6-A4ET-01A	Primary Tumor
adad4cf4-4421-49b0-9a15-97970e33a7ca	a302cc44-e1a0-47a8-a85b-760cc0f12973.mirbase21.mirnas.quantification.txt	Transcriptome Profiling	miRNA Expression Quantification	TCGA-THCA	TCGA-ET-A25M	TCGA-ET-A25M-01A	Primary Tumor
6b8a56ba-5bbc-4c4f-9247-2130e65e2dbf	008165f1-54c6-4b5d-9bc3-cea44f4c4baa.mirbase21.mirnas.quantification.txt	Transcriptome Profiling	miRNA Expression Quantification	TCGA-THCA	TCGA-BJ-A28Z	TCGA-BJ-A28Z-01A	Primary Tumor
0f24f190-880c-4c24-acb5-945195ca0681	3debb08d-edf9-48a0-a39d-e65f608efaab.mirbase21.mirnas.quantification.txt	Transcriptome Profiling	miRNA Expression Quantification	TCGA-THCA	TCGA-EM-A1YB	TCGA-EM-A1YB-01A	Primary Tumor
c7d2187a-0da0-469e-8952-bfc1860b5b57	99f2310d-de0c-4db2-b93f-4b9a7ca541ae.mirbase21.mirnas.quantification.txt	Transcriptome Profiling	miRNA Expression Quantification	TCGA-THCA	TCGA-DE-A4M9	TCGA-DE-A4M9-01A	Primary Tumor
dccba8b5-84b7-4c22-9a7f-9f0591160162	cc7ed990-9479-4177-8950-84692ee77dd0.mirbase21.mirnas.quantification.txt	Transcriptome Profiling	miRNA Expression Quantification	TCGA-THCA	TCGA-ET-A3BV	TCGA-ET-A3BV-01A	Primary Tumor
0d509ae5-7c0b-435c-bc9f-d50a2258f4a0	bdda7532-066f-4c97-9c3d-eac2d473fa3a.mirbase21.mirnas.quantification.txt	Transcriptome Profiling	miRNA Expression Quantification	TCGA-THCA	TCGA-FY-A3NM	TCGA-FY-A3NM-01A	Primary Tumor
5110132c-56e5-402f-8cfe-89381a9dfd1d	309f8c2c-3303-406f-ada7-26307ecfa89f.mirbase21.mirnas.quantification.txt	Transcriptome Profiling	miRNA Expression Quantification	TCGA-THCA	TCGA-FY-A3NP	TCGA-FY-A3NP-01A	Primary Tumor
9d78e496-0809-4563-8794-6c0f7775de7b	d8b407c5-2e4e-4a37-becd-90e641103ebe.mirbase21.mirnas.quantification.txt	Transcriptome Profiling	miRNA Expression Quantification	TCGA-THCA	TCGA-FY-A3R6	TCGA-FY-A3R6-01A	Primary Tumor
ec66183c-d3d1-4b67-9676-ce3bde6c3941	6fb0a2c5-5d77-4864-806c-07666b2aa372.mirbase21.mirnas.quantification.txt	Transcriptome Profiling	miRNA Expression Quantification	TCGA-THCA	TCGA-FK-A3SE	TCGA-FK-A3SE-01A	Primary Tumor
129d2bb5-5136-4b96-95f2-4c9f5ca42b68	d48446cb-4ae2-418b-bc76-5b943cc7d394.mirbase21.mirnas.quantification.txt	Transcriptome Profiling	miRNA Expression Quantification	TCGA-THCA	TCGA-ET-A40Q	TCGA-ET-A40Q-01A	Primary Tumor
dfeb1c9c-85aa-4698-8035-0fc3847d3498	997f3ec5-b8ee-4b50-b631-a9c607599892.mirbase21.mirnas.quantification.txt	Transcriptome Profiling	miRNA Expression Quantification	TCGA-THCA	TCGA-DJ-A3VG	TCGA-DJ-A3VG-01A	Primary Tumor
978b846a-1a6f-466c-bcc3-c929a667b3c8	29486046-f79a-42c4-85a4-53f547ddd4c7.mirbase21.mirnas.quantification.txt	Transcriptome Profiling	miRNA Expression Quantification	TCGA-THCA	TCGA-EL-A3T1	TCGA-EL-A3T1-11A	Solid Tissue Normal
a3005640-36d1-47af-b958-dc8bd56a3ae6	36528412-b28d-4fd1-bc6c-f7d706ae92c6.mirbase21.mirnas.quantification.txt	Transcriptome Profiling	miRNA Expression Quantification	TCGA-THCA	TCGA-EL-A3GP	TCGA-EL-A3GP-01A	Primary Tumor
c6c79ccf-d509-4e34-82ee-73ba39774ff5	c1cc4bcc-2cd3-4da5-9d71-53f1183ac0d9.mirbase21.mirnas.quantification.txt	Transcriptome Profiling	miRNA Expression Quantification	TCGA-THCA	TCGA-BJ-A28T	TCGA-BJ-A28T-01A	Primary Tumor
2883ad84-948f-44c4-b4a8-ec48acae4bdb	846c1199-8f1a-4c92-aeda-18b06620dcf8.mirbase21.mirnas.quantification.txt	Transcriptome Profiling	miRNA Expression Quantification	TCGA-THCA	TCGA-EM-A3FJ	TCGA-EM-A3FJ-01A	Primary Tumor
fa1b4197-f9ae-493d-acd7-dda93a347459	625adf42-b74f-4635-816d-fa980ab69694.mirbase21.mirnas.quantification.txt	Transcriptome Profiling	miRNA Expression Quantification	TCGA-THCA	TCGA-EM-A3FK	TCGA-EM-A3FK-01A	Primary Tumor
fbad6917-3400-4967-aa0a-bb22624c20c9	de869611-3dd1-4bb3-97c0-f66d459fb3b6.mirbase21.mirnas.quantification.txt	Transcriptome Profiling	miRNA Expression Quantification	TCGA-THCA	TCGA-EL-A3MX	TCGA-EL-A3MX-11A	Solid Tissue Normal
9decb552-6751-4b83-9358-e65f3018c29a	014be557-4669-4f40-911e-bf48e0faeecf.mirbase21.mirnas.quantification.txt	Transcriptome Profiling	miRNA Expression Quantification	TCGA-THCA	TCGA-BJ-A45J	TCGA-BJ-A45J-01A	Primary Tumor
07283cd7-07ed-4a97-8860-7d5baac283cd	d7822ea9-4e8b-4fab-9b1e-9861573e82cd.mirbase21.mirnas.quantification.txt	Transcriptome Profiling	miRNA Expression Quantification	TCGA-THCA	TCGA-EL-A3H2	TCGA-EL-A3H2-11A	Solid Tissue Normal
f541853a-b1c0-4d32-905f-c5286bd6c046	53c22805-25bf-4e1d-8445-58b6f3c1de97.mirbase21.mirnas.quantification.txt	Transcriptome Profiling	miRNA Expression Quantification	TCGA-THCA	TCGA-DJ-A1QN	TCGA-DJ-A1QN-01A	Primary Tumor
a4301e51-a0b7-4474-82ea-808a5c725581	a23c8f97-7331-4e09-b71f-17cc89f0a30b.mirbase21.mirnas.quantification.txt	Transcriptome Profiling	miRNA Expression Quantification	TCGA-THCA	TCGA-FE-A234	TCGA-FE-A234-01A	Primary Tumor
681c3ee9-19dd-4d9b-ba47-bf4b238c0f2c	a2200ef3-3d26-4fe9-9b6a-f598ce4294c3.mirbase21.mirnas.quantification.txt	Transcriptome Profiling	miRNA Expression Quantification	TCGA-THCA	TCGA-DJ-A2PR	TCGA-DJ-A2PR-01A	Primary Tumor
432e5d8e-50aa-415d-be73-cc8e69706cdc	a1341a01-9519-400c-b1b1-765284475abe.mirbase21.mirnas.quantification.txt	Transcriptome Profiling	miRNA Expression Quantification	TCGA-THCA	TCGA-DJ-A2PO	TCGA-DJ-A2PO-01A	Primary Tumor
0bffbeca-714e-4d8a-b53a-359a426c81a2	1ca7ec1f-3f58-4c0e-a086-de5fc2f4dfac.mirbase21.mirnas.quantification.txt	Transcriptome Profiling	miRNA Expression Quantification	TCGA-THCA	TCGA-EM-A3FO	TCGA-EM-A3FO-01A	Primary Tumor
a6c7fb79-e121-4999-b803-a17b7b3dc013	a992d0a7-db0f-4662-aae1-d19af809ed46.mirbase21.mirnas.quantification.txt	Transcriptome Profiling	miRNA Expression Quantification	TCGA-THCA	TCGA-IM-A3EB	TCGA-IM-A3EB-01A	Primary Tumor
72c106be-dcc4-48a5-8f69-fed3d51c4ffb	6ed8af5c-a590-4de1-9110-59d0d383860f.mirbase21.mirnas.quantification.txt	Transcriptome Profiling	miRNA Expression Quantification	TCGA-THCA	TCGA-ET-A40T	TCGA-ET-A40T-01A	Primary Tumor
7fccd1ce-ea25-4b09-9c49-bfb4d2bcac2d	9098809f-e004-4eb0-b200-84a6b941ed00.mirbase21.mirnas.quantification.txt	Transcriptome Profiling	miRNA Expression Quantification	TCGA-THCA	TCGA-BJ-A0Z5	TCGA-BJ-A0Z5-01A	Primary Tumor
26051d6c-5121-4529-a4b5-2dc480c72c27	757969e4-f47d-41cb-8f83-774d6b91374c.mirbase21.mirnas.quantification.txt	Transcriptome Profiling	miRNA Expression Quantification	TCGA-THCA	TCGA-EM-A2CR	TCGA-EM-A2CR-01A	Primary Tumor
bab6c565-49b9-4e31-9114-9c6a662cb2a9	d6fb7b59-4565-4dd3-bf48-ab4c72b8e3b1.mirbase21.mirnas.quantification.txt	Transcriptome Profiling	miRNA Expression Quantification	TCGA-THCA	TCGA-EM-A22N	TCGA-EM-A22N-01A	Primary Tumor
9b6f7129-6363-41cd-a370-96e5491607f2	4f462274-6537-43f9-9b43-4135627ea1fe.mirbase21.mirnas.quantification.txt	Transcriptome Profiling	miRNA Expression Quantification	TCGA-THCA	TCGA-E8-A414	TCGA-E8-A414-01A	Primary Tumor
eeb246f7-ce0a-428d-ad35-7cb566159d56	f0737190-9125-42d1-b7c6-bbf2c901aad8.mirbase21.mirnas.quantification.txt	Transcriptome Profiling	miRNA Expression Quantification	TCGA-THCA	TCGA-ET-A40S	TCGA-ET-A40S-01A	Primary Tumor
7e516480-fb4a-469e-b370-af2d37eae498	fd095daa-1cbe-4545-8fef-94191d33b040.mirbase21.mirnas.quantification.txt	Transcriptome Profiling	miRNA Expression Quantification	TCGA-THCA	TCGA-DJ-A3US	TCGA-DJ-A3US-01A	Primary Tumor
ba7fa6c8-0025-4260-82c9-bdf41d5acd09	d6038325-777e-40ae-851c-f10c8c05c741.mirbase21.mirnas.quantification.txt	Transcriptome Profiling	miRNA Expression Quantification	TCGA-THCA	TCGA-DE-A4MD	TCGA-DE-A4MD-06A	Metastatic
d3060253-2db3-4a97-8736-41fd7b4eb92c	2d224f34-79ed-4ef1-a750-467fba466b76.mirbase21.mirnas.quantification.txt	Transcriptome Profiling	miRNA Expression Quantification	TCGA-THCA	TCGA-DJ-A3UX	TCGA-DJ-A3UX-01A	Primary Tumor
ba66d295-0759-463d-bec4-72714cb9ab69	2ff2b382-eac0-4bcf-b79d-4a3458982e78.mirbase21.mirnas.quantification.txt	Transcriptome Profiling	miRNA Expression Quantification	TCGA-THCA	TCGA-EM-A4FM	TCGA-EM-A4FM-01A	Primary Tumor
182ca555-5b3a-4149-b2ca-a51eefdde1fb	59930502-cc3f-435d-809b-80a7956411a5.mirbase21.mirnas.quantification.txt	Transcriptome Profiling	miRNA Expression Quantification	TCGA-THCA	TCGA-DE-A4MB	TCGA-DE-A4MB-01A	Primary Tumor
18720e3b-9719-4a65-bef8-eca748dd82c1	bdf033ac-a3e9-4795-a1d4-8161c2d52d11.mirbase21.mirnas.quantification.txt	Transcriptome Profiling	miRNA Expression Quantification	TCGA-THCA	TCGA-BJ-A3PU	TCGA-BJ-A3PU-11A	Solid Tissue Normal
85e3724d-93fb-4b02-8eba-029b378564e6	cd68e5ab-dc90-4795-8cf1-517fe63bb3e9.mirbase21.mirnas.quantification.txt	Transcriptome Profiling	miRNA Expression Quantification	TCGA-THCA	TCGA-BJ-A3PU	TCGA-BJ-A3PU-01A	Primary Tumor
f47e8a63-d2cd-4bb1-be34-f16241b5c9f7	5c5be883-8f18-40dd-88ab-60e7f19f590e.mirbase21.mirnas.quantification.txt	Transcriptome Profiling	miRNA Expression Quantification	TCGA-THCA	TCGA-IM-A4EB	TCGA-IM-A4EB-01A	Primary Tumor
4ba6dbed-cf15-4db7-9287-e1e81ae4372c	ec53f20c-5e81-4f42-b9e4-2af70644c491.mirbase21.mirnas.quantification.txt	Transcriptome Profiling	miRNA Expression Quantification	TCGA-THCA	TCGA-J8-A3O2	TCGA-J8-A3O2-01A	Primary Tumor
7e0dcce3-69bb-409b-8ce3-2745e55edb2e	5298417a-68d5-4ca1-a640-b42067034938.mirbase21.mirnas.quantification.txt	Transcriptome Profiling	miRNA Expression Quantification	TCGA-THCA	TCGA-FE-A233	TCGA-FE-A233-01A	Primary Tumor
0d49e109-9873-44d2-8ee1-2352e11558e0	1287b3b0-ce43-48b3-8ba7-6de02238f49c.mirbase21.mirnas.quantification.txt	Transcriptome Profiling	miRNA Expression Quantification	TCGA-THCA	TCGA-J8-A3O2	TCGA-J8-A3O2-06A	Metastatic
35e4f050-1e61-48e4-b5ed-ef4277a6e74c	5c9ccdf1-c077-46a3-b743-30e3c822a53d.mirbase21.mirnas.quantification.txt	Transcriptome Profiling	miRNA Expression Quantification	TCGA-THCA	TCGA-H2-A422	TCGA-H2-A422-01A	Primary Tumor
2eb80d66-1ec4-4086-a7cb-f5aa95cfaa8f	e109aa52-5b63-4619-b5e6-1a3f594f6249.mirbase21.mirnas.quantification.txt	Transcriptome Profiling	miRNA Expression Quantification	TCGA-THCA	TCGA-EM-A3OA	TCGA-EM-A3OA-01A	Primary Tumor
6e1f6d96-c5ba-4811-b8ee-38816780d31d	4b460180-47bd-432e-a17c-7274dfb060f6.mirbase21.mirnas.quantification.txt	Transcriptome Profiling	miRNA Expression Quantification	TCGA-THCA	TCGA-EL-A3CW	TCGA-EL-A3CW-01A	Primary Tumor
9fd92ea5-0242-4959-afb3-52f17a8d9646	c4bb6356-987e-49fa-ae36-8d0c3a9efac7.mirbase21.mirnas.quantification.txt	Transcriptome Profiling	miRNA Expression Quantification	TCGA-THCA	TCGA-DJ-A3UV	TCGA-DJ-A3UV-01A	Primary Tumor
edbea35a-3560-4592-9a45-9613ccadc400	d586f2c4-adf3-4e38-b107-0be32546d75f.mirbase21.mirnas.quantification.txt	Transcriptome Profiling	miRNA Expression Quantification	TCGA-THCA	TCGA-DJ-A13L	TCGA-DJ-A13L-01A	Primary Tumor
796cf18b-91ea-4c28-9e93-801236764e3f	77d4326f-7a88-441c-a437-5f714b234b26.mirbase21.mirnas.quantification.txt	Transcriptome Profiling	miRNA Expression Quantification	TCGA-THCA	TCGA-BJ-A0ZF	TCGA-BJ-A0ZF-01A	Primary Tumor
ef3e0e7e-fee7-4852-a267-b08a5b049bee	387f330c-c3f2-4e97-93bc-3d81095ba9da.mirbase21.mirnas.quantification.txt	Transcriptome Profiling	miRNA Expression Quantification	TCGA-THCA	TCGA-BJ-A291	TCGA-BJ-A291-01A	Primary Tumor
a03d2aa7-9798-472f-b25a-576e011e5f65	83d5fe66-6e21-4771-8f97-688a89606582.mirbase21.mirnas.quantification.txt	Transcriptome Profiling	miRNA Expression Quantification	TCGA-THCA	TCGA-EL-A3T0	TCGA-EL-A3T0-01A	Primary Tumor
f58d76d4-0610-4e75-8b3d-ced8cfd9df9c	4516707c-fe35-4143-81d7-a73c52d9e212.mirbase21.mirnas.quantification.txt	Transcriptome Profiling	miRNA Expression Quantification	TCGA-THCA	TCGA-FY-A3RA	TCGA-FY-A3RA-01A	Primary Tumor
6e5e5048-fca2-45da-96e5-46e7edf6963c	bd1bfa2a-ce3d-4ab4-928b-5bb996e42eff.mirbase21.mirnas.quantification.txt	Transcriptome Profiling	miRNA Expression Quantification	TCGA-THCA	TCGA-FY-A3NN	TCGA-FY-A3NN-01A	Primary Tumor
1b90172f-630d-4721-8b8c-9135828a4e23	aa594af4-30e6-416d-9ca9-12d1adda4dec.mirbase21.mirnas.quantification.txt	Transcriptome Profiling	miRNA Expression Quantification	TCGA-THCA	TCGA-EL-A3ZT	TCGA-EL-A3ZT-01A	Primary Tumor
d061b32f-6d37-4705-b508-26e1d34f3d1b	be4375db-524d-40c7-a8a7-e0a1e1e2a2ad.mirbase21.mirnas.quantification.txt	Transcriptome Profiling	miRNA Expression Quantification	TCGA-THCA	TCGA-CE-A3ME	TCGA-CE-A3ME-01A	Primary Tumor
084aacb3-0529-476b-8dee-45c964aefefe	e125454c-465c-469d-8be2-8d5879e63695.mirbase21.mirnas.quantification.txt	Transcriptome Profiling	miRNA Expression Quantification	TCGA-THCA	TCGA-DJ-A2PX	TCGA-DJ-A2PX-01A	Primary Tumor
93e4dd38-4ff5-4f6b-88cc-ecca9ff779c7	7d9249ae-6fe2-442c-a8e2-7c72eeb8b62c.mirbase21.mirnas.quantification.txt	Transcriptome Profiling	miRNA Expression Quantification	TCGA-THCA	TCGA-FE-A237	TCGA-FE-A237-01A	Primary Tumor
92881b4e-f86f-483f-a761-e3143ca3b560	407d8d38-7ffe-4d10-9d91-902461eb0181.mirbase21.mirnas.quantification.txt	Transcriptome Profiling	miRNA Expression Quantification	TCGA-THCA	TCGA-DE-A4MA	TCGA-DE-A4MA-01A	Primary Tumor
c335518a-15b3-413c-ada1-cc857c2312df	1e0a97f8-cf9f-4f77-b52d-40e3ffaaa2d0.mirbase21.mirnas.quantification.txt	Transcriptome Profiling	miRNA Expression Quantification	TCGA-THCA	TCGA-FE-A232	TCGA-FE-A232-01A	Primary Tumor
13bb6c44-c4c6-4cc1-88eb-cde4a59d062f	7e23ecda-07b7-46fe-ab62-a4b648902e18.mirbase21.mirnas.quantification.txt	Transcriptome Profiling	miRNA Expression Quantification	TCGA-THCA	TCGA-H2-A2K9	TCGA-H2-A2K9-11A	Solid Tissue Normal
d2c098b1-63c0-4923-8a13-42e2f37f964a	1b740152-e1d1-4f59-94e0-580dd42a073f.mirbase21.mirnas.quantification.txt	Transcriptome Profiling	miRNA Expression Quantification	TCGA-THCA	TCGA-DJ-A13U	TCGA-DJ-A13U-01A	Primary Tumor
a8bcc911-898c-4a88-8bf5-279ba2d9fc3f	63905449-33f5-4140-bf0e-43bffb1ff079.mirbase21.mirnas.quantification.txt	Transcriptome Profiling	miRNA Expression Quantification	TCGA-THCA	TCGA-KS-A4IC	TCGA-KS-A4IC-01A	Primary Tumor
5291a96d-5068-4cb7-92c3-9f95f647fd46	28609f31-3810-41a5-833c-798bc8d036e5.mirbase21.mirnas.quantification.txt	Transcriptome Profiling	miRNA Expression Quantification	TCGA-THCA	TCGA-IM-A41Y	TCGA-IM-A41Y-01A	Primary Tumor
05efaed7-867a-4204-8c55-77c02e9de88e	71172b80-3f67-4471-9109-fe09337324aa.mirbase21.mirnas.quantification.txt	Transcriptome Profiling	miRNA Expression Quantification	TCGA-THCA	TCGA-EM-A3ST	TCGA-EM-A3ST-01A	Primary Tumor
55b4d93c-adc8-4678-904e-fa6c54d8f73e	96601c9b-6089-425f-a038-bcf85c9d3470.mirbase21.mirnas.quantification.txt	Transcriptome Profiling	miRNA Expression Quantification	TCGA-THCA	TCGA-ET-A2N5	TCGA-ET-A2N5-01A	Primary Tumor
deab250c-12f5-4499-aa14-ef2e2f8fa298	f640b82f-3e8e-467e-a4cc-00a5e6d3657b.mirbase21.mirnas.quantification.txt	Transcriptome Profiling	miRNA Expression Quantification	TCGA-THCA	TCGA-DJ-A2Q7	TCGA-DJ-A2Q7-01A	Primary Tumor
310694a5-3eb3-48f6-af11-e7f43a3ba933	0ae7e9ec-421a-4509-bc2f-2a50ac2f7489.mirbase21.mirnas.quantification.txt	Transcriptome Profiling	miRNA Expression Quantification	TCGA-THCA	TCGA-BJ-A2NA	TCGA-BJ-A2NA-01A	Primary Tumor
5d4acbb8-a6f0-49b2-82f1-23cf72afe34e	70328876-52d9-446a-8c3c-6436c85533d5.mirbase21.mirnas.quantification.txt	Transcriptome Profiling	miRNA Expression Quantification	TCGA-THCA	TCGA-EL-A3CX	TCGA-EL-A3CX-01A	Primary Tumor
bba31186-93c0-4500-aeb5-2f7e051738b4	71adffbf-aee3-47a2-9cbb-2ea2f6b7d7d4.mirbase21.mirnas.quantification.txt	Transcriptome Profiling	miRNA Expression Quantification	TCGA-THCA	TCGA-EL-A3CZ	TCGA-EL-A3CZ-01A	Primary Tumor
6819c35f-8d90-4af3-bf16-fcff9b442339	98de810a-6828-44c5-802c-f04d43aee5a5.mirbase21.mirnas.quantification.txt	Transcriptome Profiling	miRNA Expression Quantification	TCGA-THCA	TCGA-ET-A2MZ	TCGA-ET-A2MZ-01A	Primary Tumor
46e03db1-c055-4c0c-90d7-368b7a60fd20	4816c377-d51d-43d4-9245-633b2f5e7e4c.mirbase21.mirnas.quantification.txt	Transcriptome Profiling	miRNA Expression Quantification	TCGA-THCA	TCGA-ET-A3BW	TCGA-ET-A3BW-01A	Primary Tumor
54cb566c-771d-4f88-8033-770aa35242de	261a54d4-430c-4c7e-9fb9-db9573680ae3.mirbase21.mirnas.quantification.txt	Transcriptome Profiling	miRNA Expression Quantification	TCGA-THCA	TCGA-EL-A3GU	TCGA-EL-A3GU-01A	Primary Tumor
94c343f8-1f43-4da5-94ab-ab5ea9056352	c9d246bd-6aa0-4efa-b401-c93071708acf.mirbase21.mirnas.quantification.txt	Transcriptome Profiling	miRNA Expression Quantification	TCGA-THCA	TCGA-EL-A3ZQ	TCGA-EL-A3ZQ-01A	Primary Tumor
70126ac0-9733-4127-b173-f9c864db5a05	e568e38a-f885-4295-bbc5-c24c7378de24.mirbase21.mirnas.quantification.txt	Transcriptome Profiling	miRNA Expression Quantification	TCGA-THCA	TCGA-BJ-A28X	TCGA-BJ-A28X-11A	Solid Tissue Normal
a0cbeed8-5ba3-41a2-a037-65c72c63db05	8c0dc494-158d-46ae-b443-e84d31fe2ba6.mirbase21.mirnas.quantification.txt	Transcriptome Profiling	miRNA Expression Quantification	TCGA-THCA	TCGA-DJ-A1QI	TCGA-DJ-A1QI-01A	Primary Tumor
655a10e0-e906-457d-b3b9-a08513a5e62a	b9d24f24-41d8-44a2-a81c-7bde901a4ded.mirbase21.mirnas.quantification.txt	Transcriptome Profiling	miRNA Expression Quantification	TCGA-THCA	TCGA-DJ-A4V4	TCGA-DJ-A4V4-01A	Primary Tumor
0ddd617c-451f-4cb3-8599-d1f9e3c580a2	c8b8b42f-dbde-46df-8ebd-21af8946a386.mirbase21.mirnas.quantification.txt	Transcriptome Profiling	miRNA Expression Quantification	TCGA-THCA	TCGA-BJ-A0Z2	TCGA-BJ-A0Z2-01A	Primary Tumor
20c2a23a-be85-4351-9cc6-e6236d4b6b0a	2be2b6f0-d375-4d39-a129-fe94fe047be7.mirbase21.mirnas.quantification.txt	Transcriptome Profiling	miRNA Expression Quantification	TCGA-THCA	TCGA-ET-A2MX	TCGA-ET-A2MX-01A	Primary Tumor
1dc2463c-58ea-4216-a1a5-d84f13392030	61170e85-ee65-4ebc-aac6-ab82d0ec2a73.mirbase21.mirnas.quantification.txt	Transcriptome Profiling	miRNA Expression Quantification	TCGA-THCA	TCGA-ET-A2MX	TCGA-ET-A2MX-11C	Solid Tissue Normal
98d1f4e6-32f7-4e2f-ba04-00cb4f7a706a	caee5ca0-32b3-42cd-a498-3e4a096c3f28.mirbase21.mirnas.quantification.txt	Transcriptome Profiling	miRNA Expression Quantification	TCGA-THCA	TCGA-GE-A2C6	TCGA-GE-A2C6-11A	Solid Tissue Normal
80e8c506-55d9-4a38-ade0-269b95a95d60	bc1e2482-7693-4548-b20a-c061b6922230.mirbase21.mirnas.quantification.txt	Transcriptome Profiling	miRNA Expression Quantification	TCGA-THCA	TCGA-BJ-A0ZG	TCGA-BJ-A0ZG-01A	Primary Tumor
48f1aa99-bdc4-4c76-b468-0bf03c0407c7	94265eda-f666-485b-b1cb-0c39f4cbe4ef.mirbase21.mirnas.quantification.txt	Transcriptome Profiling	miRNA Expression Quantification	TCGA-THCA	TCGA-DJ-A3VF	TCGA-DJ-A3VF-01A	Primary Tumor
176e0e3f-0505-4129-a1b1-fc152549b831	0c6124e6-7300-4f48-9e41-f782469f0d1e.mirbase21.mirnas.quantification.txt	Transcriptome Profiling	miRNA Expression Quantification	TCGA-THCA	TCGA-FY-A3YR	TCGA-FY-A3YR-01A	Primary Tumor
11401906-89b6-4b96-99c2-63c8a31ad7ec	f826601b-fb35-4472-a691-ffd7a8ae4fb2.mirbase21.mirnas.quantification.txt	Transcriptome Profiling	miRNA Expression Quantification	TCGA-THCA	TCGA-ET-A3DQ	TCGA-ET-A3DQ-01A	Primary Tumor
d489321e-add2-4bd6-b0e3-ee2a081c61ac	6c599655-ea64-4771-977a-0d398b365a96.mirbase21.mirnas.quantification.txt	Transcriptome Profiling	miRNA Expression Quantification	TCGA-THCA	TCGA-EM-A4FF	TCGA-EM-A4FF-01A	Primary Tumor
ac4601dd-3bc1-4e58-a821-c4b8c86572cc	2c3afc04-faee-4de7-a889-50d48ee7894d.mirbase21.mirnas.quantification.txt	Transcriptome Profiling	miRNA Expression Quantification	TCGA-THCA	TCGA-EM-A2P3	TCGA-EM-A2P3-01A	Primary Tumor
b9305937-9c7d-47ef-9034-4296dd32776b	d0659063-8ffb-444a-ab7c-c53d350336d5.mirbase21.mirnas.quantification.txt	Transcriptome Profiling	miRNA Expression Quantification	TCGA-THCA	TCGA-DO-A1JZ	TCGA-DO-A1JZ-01A	Primary Tumor
d6422611-8ce4-4833-b61c-707260684172	ec0ab975-0200-468c-833c-0cf78d7dcd16.mirbase21.mirnas.quantification.txt	Transcriptome Profiling	miRNA Expression Quantification	TCGA-THCA	TCGA-EL-A3GZ	TCGA-EL-A3GZ-01A	Primary Tumor
a88c71ee-8bc1-4770-be63-4e1da91d631a	642fb32c-fb1e-4402-9fd3-2c8e227190e6.mirbase21.mirnas.quantification.txt	Transcriptome Profiling	miRNA Expression Quantification	TCGA-THCA	TCGA-EL-A3H7	TCGA-EL-A3H7-11A	Solid Tissue Normal
b7be64e3-54a0-4867-8544-0e82b79a925b	c957e3d5-aba5-4261-868f-7e9a86265779.mirbase21.mirnas.quantification.txt	Transcriptome Profiling	miRNA Expression Quantification	TCGA-THCA	TCGA-EM-A4FQ	TCGA-EM-A4FQ-01A	Primary Tumor
d108fc0b-39c8-4b80-bd43-7bbdc3f26ef9	0f17cfe4-c5b7-4608-82d1-4c50b2baf945.mirbase21.mirnas.quantification.txt	Transcriptome Profiling	miRNA Expression Quantification	TCGA-THCA	TCGA-H2-A3RI	TCGA-H2-A3RI-01A	Primary Tumor
11fd0e34-dfcc-47c4-9d81-6b86dc3a19ae	21f7c21e-60fe-42ad-a90a-2a10024311ae.mirbase21.mirnas.quantification.txt	Transcriptome Profiling	miRNA Expression Quantification	TCGA-THCA	TCGA-ET-A25I	TCGA-ET-A25I-01A	Primary Tumor
a9bf3962-b9bc-47f4-a1e7-3ccb0e61173c	403a34de-a25d-4f22-afec-b9ba5fb1fdc6.mirbase21.mirnas.quantification.txt	Transcriptome Profiling	miRNA Expression Quantification	TCGA-THCA	TCGA-DJ-A4UP	TCGA-DJ-A4UP-01A	Primary Tumor
c502ad26-ead7-4a00-97bf-f563f9d6a107	8dbf863f-9a19-49cc-98aa-7553e64587f9.mirbase21.mirnas.quantification.txt	Transcriptome Profiling	miRNA Expression Quantification	TCGA-THCA	TCGA-EM-A1YE	TCGA-EM-A1YE-01A	Primary Tumor
993ccc77-7712-43a8-8155-9c0dc0fc2752	82bc0cc0-1bee-40f3-b335-0dc8c61ef37a.mirbase21.mirnas.quantification.txt	Transcriptome Profiling	miRNA Expression Quantification	TCGA-THCA	TCGA-BJ-A18Y	TCGA-BJ-A18Y-01A	Primary Tumor
f8bc9179-be9a-4a46-bf7c-c9d26b56c948	38ef0b9b-bc2e-4606-9e94-9f2dbdf4b8a9.mirbase21.mirnas.quantification.txt	Transcriptome Profiling	miRNA Expression Quantification	TCGA-THCA	TCGA-DJ-A2Q6	TCGA-DJ-A2Q6-01A	Primary Tumor
83001935-e92d-4da9-a787-4a2589f2d93e	09570219-9482-4c33-bdcd-562a3f5c0633.mirbase21.mirnas.quantification.txt	Transcriptome Profiling	miRNA Expression Quantification	TCGA-THCA	TCGA-KS-A4IB	TCGA-KS-A4IB-01A	Primary Tumor
3b758bc7-66f9-4758-9fb0-c6cd7543b4ff	966e84d5-ce27-406f-852b-f63699d9f4cb.mirbase21.mirnas.quantification.txt	Transcriptome Profiling	miRNA Expression Quantification	TCGA-THCA	TCGA-DJ-A3VI	TCGA-DJ-A3VI-01A	Primary Tumor
140f7812-1565-41e7-a2a5-c2b0a7d8b2fd	88cbaa66-ef96-4ee8-9705-0769168e862c.mirbase21.mirnas.quantification.txt	Transcriptome Profiling	miRNA Expression Quantification	TCGA-THCA	TCGA-J8-A4HW	TCGA-J8-A4HW-01A	Primary Tumor
909b0f81-31fb-420f-aa53-ec0d4b5f3286	411f9ca0-8a51-449d-b661-8f9419cfae31.mirbase21.mirnas.quantification.txt	Transcriptome Profiling	miRNA Expression Quantification	TCGA-THCA	TCGA-EM-A1CV	TCGA-EM-A1CV-11A	Solid Tissue Normal
2b745066-8d5b-4a2c-ace3-46aea30b15f4	60f5bfe0-c71e-4fbc-bb40-5a8e01009e5b.mirbase21.mirnas.quantification.txt	Transcriptome Profiling	miRNA Expression Quantification	TCGA-THCA	TCGA-DJ-A2Q3	TCGA-DJ-A2Q3-01A	Primary Tumor
db8bd220-432a-44b9-95fc-3f89cfdd2834	7def1d74-cf41-479c-a49b-7608ae73d5dd.mirbase21.mirnas.quantification.txt	Transcriptome Profiling	miRNA Expression Quantification	TCGA-THCA	TCGA-EM-A1CV	TCGA-EM-A1CV-01A	Primary Tumor
24d804cd-3903-49d9-8d08-36ff00803946	20363575-083b-44d9-a6b7-e11fd1b93964.mirbase21.mirnas.quantification.txt	Transcriptome Profiling	miRNA Expression Quantification	TCGA-THCA	TCGA-EL-A3TA	TCGA-EL-A3TA-01A	Primary Tumor
52945ec6-ecd8-474e-b302-145a64313586	3d8cbf88-82f5-4b23-875c-899b5e56f577.mirbase21.mirnas.quantification.txt	Transcriptome Profiling	miRNA Expression Quantification	TCGA-THCA	TCGA-ET-A3DU	TCGA-ET-A3DU-01A	Primary Tumor
859e747f-7bf1-4c9b-9faf-ff93f2419085	05dbed73-8431-4dc4-aea9-489e2ce50a32.mirbase21.mirnas.quantification.txt	Transcriptome Profiling	miRNA Expression Quantification	TCGA-THCA	TCGA-ET-A39K	TCGA-ET-A39K-01A	Primary Tumor
5f2b049a-bdda-404c-a180-9fd1e872351f	2e259d72-ea27-4f0a-a77e-739a40474685.mirbase21.mirnas.quantification.txt	Transcriptome Profiling	miRNA Expression Quantification	TCGA-THCA	TCGA-BJ-A2N7	TCGA-BJ-A2N7-01A	Primary Tumor
1262d00b-7efb-43df-9d18-b56208061cda	5ce46b54-091d-4224-a7c8-65db24728f18.mirbase21.mirnas.quantification.txt	Transcriptome Profiling	miRNA Expression Quantification	TCGA-THCA	TCGA-KS-A4I9	TCGA-KS-A4I9-01A	Primary Tumor
194b4497-e311-4a8e-9ff9-fb6a5e70aa5c	a7a10ae1-8132-49a8-af1d-042e370e79a5.mirbase21.mirnas.quantification.txt	Transcriptome Profiling	miRNA Expression Quantification	TCGA-THCA	TCGA-DJ-A2QA	TCGA-DJ-A2QA-01A	Primary Tumor
b9772ead-cbfe-451d-b04a-5b6fd875f6f4	7675a3ba-667b-405d-b02d-c52bfa85197a.mirbase21.mirnas.quantification.txt	Transcriptome Profiling	miRNA Expression Quantification	TCGA-THCA	TCGA-FE-A3PA	TCGA-FE-A3PA-01A	Primary Tumor
bf2ca39f-50cb-47fa-ae08-b5778d081eab	dedae84b-816b-45c8-a1f7-9beb08afac2c.mirbase21.mirnas.quantification.txt	Transcriptome Profiling	miRNA Expression Quantification	TCGA-THCA	TCGA-BJ-A0Z3	TCGA-BJ-A0Z3-01A	Primary Tumor
a632fdfc-0210-42a7-966c-a1104d5ab63c	53a0d137-bdb8-43fe-b75f-1d92467b1705.mirbase21.mirnas.quantification.txt	Transcriptome Profiling	miRNA Expression Quantification	TCGA-THCA	TCGA-EL-A3CM	TCGA-EL-A3CM-01A	Primary Tumor
7be1ca78-9835-494f-b509-439f1e2ce98a	ca41e048-73ba-40b1-aa5d-2b892908614a.mirbase21.mirnas.quantification.txt	Transcriptome Profiling	miRNA Expression Quantification	TCGA-THCA	TCGA-KS-A4I1	TCGA-KS-A4I1-01A	Primary Tumor
2fe6b121-2e4f-4e4f-9ac2-a89a28a5f7d4	9355403b-697f-4c94-aa4a-c10443191bd1.mirbase21.mirnas.quantification.txt	Transcriptome Profiling	miRNA Expression Quantification	TCGA-THCA	TCGA-ET-A40R	TCGA-ET-A40R-01A	Primary Tumor
a1c15291-af32-42be-9c48-dc35a37f099e	df90db2e-8a9a-4ea4-89d1-c8804979e071.mirbase21.mirnas.quantification.txt	Transcriptome Profiling	miRNA Expression Quantification	TCGA-THCA	TCGA-EM-A22Q	TCGA-EM-A22Q-01A	Primary Tumor
0efae530-2d0b-4190-91d2-8963fcd89462	874db5eb-d4a9-48a9-be06-5a9ea2baf36f.mirbase21.mirnas.quantification.txt	Transcriptome Profiling	miRNA Expression Quantification	TCGA-THCA	TCGA-E8-A418	TCGA-E8-A418-01A	Primary Tumor
8b2e0880-81e1-4422-b5d0-4a09a1f0afc9	b630d993-ccfb-43d2-a82b-3244f3005b3d.mirbase21.mirnas.quantification.txt	Transcriptome Profiling	miRNA Expression Quantification	TCGA-THCA	TCGA-EL-A3ZS	TCGA-EL-A3ZS-11A	Solid Tissue Normal
d6c0f5a8-33d7-4979-baa5-4c23534cd312	8ab499e2-12c6-411b-b39c-f3e19a775795.mirbase21.mirnas.quantification.txt	Transcriptome Profiling	miRNA Expression Quantification	TCGA-THCA	TCGA-EL-A3ZS	TCGA-EL-A3ZS-01A	Primary Tumor
7a223d05-f4b4-4367-876c-c485f1d794c7	22903516-b77c-4a36-bcbc-cb434603fd0b.mirbase21.mirnas.quantification.txt	Transcriptome Profiling	miRNA Expression Quantification	TCGA-THCA	TCGA-EL-A3T1	TCGA-EL-A3T1-01A	Primary Tumor
861b0a62-d9fd-4bc3-8dbf-e9fd70e984d2	708ca007-4e60-47ea-8303-82229996231c.mirbase21.mirnas.quantification.txt	Transcriptome Profiling	miRNA Expression Quantification	TCGA-THCA	TCGA-DJ-A13M	TCGA-DJ-A13M-01A	Primary Tumor
025fab8b-696f-4a7a-b651-68019b68052b	d08ef5f8-c266-44fb-933a-805acc1421f4.mirbase21.mirnas.quantification.txt	Transcriptome Profiling	miRNA Expression Quantification	TCGA-THCA	TCGA-E3-A3E5	TCGA-E3-A3E5-01A	Primary Tumor
b01142de-626d-4e20-b785-677a474a3c05	68cd1263-e834-4747-a179-b7df5a83ed16.mirbase21.mirnas.quantification.txt	Transcriptome Profiling	miRNA Expression Quantification	TCGA-THCA	TCGA-EM-A4FO	TCGA-EM-A4FO-01A	Primary Tumor
14322e1c-1bcd-4456-93e0-fff7fbc1fba9	c604d0d3-a866-4a8f-a20b-0ded4b933155.mirbase21.mirnas.quantification.txt	Transcriptome Profiling	miRNA Expression Quantification	TCGA-THCA	TCGA-KS-A4I5	TCGA-KS-A4I5-01A	Primary Tumor
d1d552be-611d-4862-8156-e75ab6940234	57efb19c-922c-48bb-8d63-6cfbb30a7830.mirbase21.mirnas.quantification.txt	Transcriptome Profiling	miRNA Expression Quantification	TCGA-THCA	TCGA-DJ-A3V0	TCGA-DJ-A3V0-01A	Primary Tumor
1b517731-5156-4e24-95f4-cbdef9eb8ccb	6185840f-1f80-44d8-bad5-dca46963d1bb.mirbase21.mirnas.quantification.txt	Transcriptome Profiling	miRNA Expression Quantification	TCGA-THCA	TCGA-EM-A22L	TCGA-EM-A22L-01A	Primary Tumor
b1132186-9f23-423b-823c-9ee0c12973a5	cf82d2b6-6b01-4d8d-a4e7-331e85b6defc.mirbase21.mirnas.quantification.txt	Transcriptome Profiling	miRNA Expression Quantification	TCGA-THCA	TCGA-FK-A3SD	TCGA-FK-A3SD-01A	Primary Tumor
736d3c44-dd2d-4637-9e12-e499f717a7a6	a205a04c-5a37-400b-a828-0a45b13098c4.mirbase21.mirnas.quantification.txt	Transcriptome Profiling	miRNA Expression Quantification	TCGA-THCA	TCGA-L6-A4EQ	TCGA-L6-A4EQ-01A	Primary Tumor
69d99149-ddcc-4544-93db-d4e18df33693	04b9888b-ace3-4eee-b5b3-13a13b69fadb.mirbase21.mirnas.quantification.txt	Transcriptome Profiling	miRNA Expression Quantification	TCGA-THCA	TCGA-J8-A3YH	TCGA-J8-A3YH-01A	Primary Tumor
1bcaefad-c0e3-420f-8620-fdde11c9c221	c097d8ea-0931-409c-895c-745265ef74a4.mirbase21.mirnas.quantification.txt	Transcriptome Profiling	miRNA Expression Quantification	TCGA-THCA	TCGA-DE-A4M8	TCGA-DE-A4M8-01A	Primary Tumor
bd4c0dc5-4b31-4d42-b6c3-cd8bf29be8e8	61064c0c-49d6-4f5d-b0db-031b8ca494b4.mirbase21.mirnas.quantification.txt	Transcriptome Profiling	miRNA Expression Quantification	TCGA-THCA	TCGA-DJ-A1QQ	TCGA-DJ-A1QQ-01A	Primary Tumor
68f239a1-d9d8-4209-8ae6-48e48aba0cb4	e001944b-d7a6-426c-9109-17b5be6de8e5.mirbase21.mirnas.quantification.txt	Transcriptome Profiling	miRNA Expression Quantification	TCGA-THCA	TCGA-E3-A3DY	TCGA-E3-A3DY-01A	Primary Tumor
b2069dd3-0e7f-495a-b08e-833276a11f63	dd5f64ed-1fed-413f-8e8c-9dbb37bb4ea1.mirbase21.mirnas.quantification.txt	Transcriptome Profiling	miRNA Expression Quantification	TCGA-THCA	TCGA-ET-A39I	TCGA-ET-A39I-01A	Primary Tumor
c9efa9e3-d718-4f3b-ba85-1674ea80df1b	c849f966-4a46-4d97-b9f7-e127caf84261.mirbase21.mirnas.quantification.txt	Transcriptome Profiling	miRNA Expression Quantification	TCGA-THCA	TCGA-EM-A2CK	TCGA-EM-A2CK-01A	Primary Tumor
de894ca6-2a9c-4aef-9156-d5262fde5dee	74d77147-c1e9-4929-af0e-6183a5b76eaf.mirbase21.mirnas.quantification.txt	Transcriptome Profiling	miRNA Expression Quantification	TCGA-THCA	TCGA-EL-A3D0	TCGA-EL-A3D0-01A	Primary Tumor
427fe10f-7574-4ecb-bdf7-90f899351459	068fed27-6db6-4296-b649-2dedd6d0e735.mirbase21.mirnas.quantification.txt	Transcriptome Profiling	miRNA Expression Quantification	TCGA-THCA	TCGA-KS-A41I	TCGA-KS-A41I-01A	Primary Tumor
512f59fe-1a77-4b79-8308-15ac310e10ba	e14a3eaf-acf9-471d-be81-debc8f4b83d1.mirbase21.mirnas.quantification.txt	Transcriptome Profiling	miRNA Expression Quantification	TCGA-THCA	TCGA-IM-A41Z	TCGA-IM-A41Z-01A	Primary Tumor
b0cd1fd5-c1f7-46ef-8284-ca2c3a08bbaf	78a94931-0a24-4d78-92a0-7f3aae19c461.mirbase21.mirnas.quantification.txt	Transcriptome Profiling	miRNA Expression Quantification	TCGA-THCA	TCGA-ET-A25P	TCGA-ET-A25P-01A	Primary Tumor
f834bb3b-2a96-4610-b069-a1dac6b70c4a	16a0f24c-5ed0-4a3b-8e75-fbcfb65f06d9.mirbase21.mirnas.quantification.txt	Transcriptome Profiling	miRNA Expression Quantification	TCGA-THCA	TCGA-EM-A3FP	TCGA-EM-A3FP-01A	Primary Tumor
1f827a4c-3e78-439f-955e-f88726b08bc7	5dea69a4-829b-4346-8ef5-08cb963acdcd.mirbase21.mirnas.quantification.txt	Transcriptome Profiling	miRNA Expression Quantification	TCGA-THCA	TCGA-EM-A1YC	TCGA-EM-A1YC-11A	Solid Tissue Normal
eb8b88a9-b1d5-4d56-bf58-e4f515523cf4	37f75ad8-a700-4c13-8d16-d1f91c5b7bb5.mirbase21.mirnas.quantification.txt	Transcriptome Profiling	miRNA Expression Quantification	TCGA-THCA	TCGA-ET-A2N1	TCGA-ET-A2N1-01A	Primary Tumor
f54bc578-407d-4656-b786-06ea044f0b54	83267adc-aa05-4a49-bd9c-7602568fc6f6.mirbase21.mirnas.quantification.txt	Transcriptome Profiling	miRNA Expression Quantification	TCGA-THCA	TCGA-EL-A3ZT	TCGA-EL-A3ZT-11A	Solid Tissue Normal
755cd9a8-6b65-46d0-af49-8e0e22a1c9c4	8bb2eb27-3bf9-46c7-bb2a-4915cbf09407.mirbase21.mirnas.quantification.txt	Transcriptome Profiling	miRNA Expression Quantification	TCGA-THCA	TCGA-EM-A4FU	TCGA-EM-A4FU-01A	Primary Tumor
b9951d28-1c4c-4ec9-aa8f-87d3fd487a3e	bbde728c-0e91-4c39-8c61-a40f0448edd3.mirbase21.mirnas.quantification.txt	Transcriptome Profiling	miRNA Expression Quantification	TCGA-THCA	TCGA-FE-A3PC	TCGA-FE-A3PC-01A	Primary Tumor
170e58f3-f2cd-4ec6-98e5-b16b866437e9	b3a914b8-48df-4acb-84c1-50711d493671.mirbase21.mirnas.quantification.txt	Transcriptome Profiling	miRNA Expression Quantification	TCGA-THCA	TCGA-EM-A22I	TCGA-EM-A22I-01A	Primary Tumor
6b03bfaa-8e03-42db-a597-479fde4397ab	28def1e0-b2c0-4a47-88b2-b9214bba843a.mirbase21.mirnas.quantification.txt	Transcriptome Profiling	miRNA Expression Quantification	TCGA-THCA	TCGA-EL-A3N3	TCGA-EL-A3N3-11A	Solid Tissue Normal
16ef89a2-333f-4e09-9e9e-57c40b5d7278	5522fb46-a653-4edb-b898-d0f2a3c72d5c.mirbase21.mirnas.quantification.txt	Transcriptome Profiling	miRNA Expression Quantification	TCGA-THCA	TCGA-FE-A239	TCGA-FE-A239-01A	Primary Tumor
c051efd4-9c77-421e-8dab-3d1611bf60e6	e8e7654f-e024-4b6a-b8a3-b30e5d5842e5.mirbase21.mirnas.quantification.txt	Transcriptome Profiling	miRNA Expression Quantification	TCGA-THCA	TCGA-EL-A3ZP	TCGA-EL-A3ZP-11A	Solid Tissue Normal
cd15a0fe-18a4-4ae2-ad8e-d0bb636ed473	3e344f7d-88d3-4cf6-9dc2-a0f4ce5b0946.mirbase21.mirnas.quantification.txt	Transcriptome Profiling	miRNA Expression Quantification	TCGA-THCA	TCGA-KS-A41F	TCGA-KS-A41F-01A	Primary Tumor
c94be42f-b8b7-4e0f-83f8-b22cc61c06e3	69cd9640-33fd-43d9-b15a-2cbf4bd1c99b.mirbase21.mirnas.quantification.txt	Transcriptome Profiling	miRNA Expression Quantification	TCGA-THCA	TCGA-DJ-A1QD	TCGA-DJ-A1QD-01A	Primary Tumor
d82de7ac-076d-41c5-80d1-f7334984bd9f	d0e11cbb-44c2-4959-a5fa-4ec0503b59ba.mirbase21.mirnas.quantification.txt	Transcriptome Profiling	miRNA Expression Quantification	TCGA-THCA	TCGA-DJ-A3UK	TCGA-DJ-A3UK-01A	Primary Tumor
30516571-8d2a-4708-812c-ba4d50014238	9024042a-12e8-46c7-936d-b548e21742be.mirbase21.mirnas.quantification.txt	Transcriptome Profiling	miRNA Expression Quantification	TCGA-THCA	TCGA-ET-A39M	TCGA-ET-A39M-01A	Primary Tumor
4f80f7a5-b02c-4db0-ac23-f13c4f29406d	f8d6a3ef-9436-4bee-8cac-ce10cd8bd459.mirbase21.mirnas.quantification.txt	Transcriptome Profiling	miRNA Expression Quantification	TCGA-THCA	TCGA-EL-A3H3	TCGA-EL-A3H3-01A	Primary Tumor
14c4ceba-fd8f-4878-b928-885d397a6f62	2f64c159-2d0c-456f-adfe-fe77ea45d5fe.mirbase21.mirnas.quantification.txt	Transcriptome Profiling	miRNA Expression Quantification	TCGA-THCA	TCGA-ET-A3BQ	TCGA-ET-A3BQ-01B	Primary Tumor
bb801cd1-dd0e-4bd9-8ad4-1a32fc7ec432	623af592-a0df-4e45-a829-f1461ea17f36.mirbase21.mirnas.quantification.txt	Transcriptome Profiling	miRNA Expression Quantification	TCGA-THCA	TCGA-BJ-A28X	TCGA-BJ-A28X-01A	Primary Tumor
358ef886-b754-4fbc-9a5d-b7fb8eb9fa9c	176c3dd0-6391-46f1-8117-8dbaa8cac0d4.mirbase21.mirnas.quantification.txt	Transcriptome Profiling	miRNA Expression Quantification	TCGA-THCA	TCGA-BJ-A28R	TCGA-BJ-A28R-11A	Solid Tissue Normal
bafa9bb9-ee45-4468-95ed-b95f31db184c	df6f48a5-7c2a-47ed-8053-fbe0c6280209.mirbase21.mirnas.quantification.txt	Transcriptome Profiling	miRNA Expression Quantification	TCGA-THCA	TCGA-EM-A3AK	TCGA-EM-A3AK-01A	Primary Tumor
cef3eb5c-e52f-4ac5-ae07-5d573b317433	9c6b2beb-0405-4a81-85a1-b2fc8602ecd4.mirbase21.mirnas.quantification.txt	Transcriptome Profiling	miRNA Expression Quantification	TCGA-THCA	TCGA-DE-A3KN	TCGA-DE-A3KN-01A	Primary Tumor
7e373e01-cf68-4a14-8164-d90cb9d417d5	91c6e716-9f0f-4df2-a0d9-2b25f2ca556e.mirbase21.mirnas.quantification.txt	Transcriptome Profiling	miRNA Expression Quantification	TCGA-THCA	TCGA-EM-A3O7	TCGA-EM-A3O7-01A	Primary Tumor
3b574b9b-43ac-4817-9539-9ab193114ea7	f19e8460-b068-4c39-b5db-c76735f713ec.mirbase21.mirnas.quantification.txt	Transcriptome Profiling	miRNA Expression Quantification	TCGA-THCA	TCGA-EM-A4G1	TCGA-EM-A4G1-01A	Primary Tumor
a8e67d7d-0930-4110-959b-f0ce1588d0f1	9fcfa1c7-ce96-48be-b8d3-1d5de9158528.mirbase21.mirnas.quantification.txt	Transcriptome Profiling	miRNA Expression Quantification	TCGA-THCA	TCGA-ET-A25O	TCGA-ET-A25O-01A	Primary Tumor
1398082b-3784-43a5-aea4-1826f649b0f2	7f7a29d3-599a-40b5-8139-9d33c590c50f.mirbase21.mirnas.quantification.txt	Transcriptome Profiling	miRNA Expression Quantification	TCGA-THCA	TCGA-BJ-A28S	TCGA-BJ-A28S-01A	Primary Tumor
8dd3c3aa-b527-4840-b83c-bbfe89275848	073515a2-ab2f-47f1-b4cd-798fcba303ab.mirbase21.mirnas.quantification.txt	Transcriptome Profiling	miRNA Expression Quantification	TCGA-THCA	TCGA-EM-A2OZ	TCGA-EM-A2OZ-01A	Primary Tumor
40214ace-4ae7-4961-be60-5634b9ea3130	7e00c831-60dd-45d0-8271-c293c6685658.mirbase21.mirnas.quantification.txt	Transcriptome Profiling	miRNA Expression Quantification	TCGA-THCA	TCGA-EL-A3T6	TCGA-EL-A3T6-11A	Solid Tissue Normal
285840b3-0700-4c35-ac81-42ca32524f46	d41b628e-9a5f-487d-bb4f-e15eb6e65339.mirbase21.mirnas.quantification.txt	Transcriptome Profiling	miRNA Expression Quantification	TCGA-THCA	TCGA-EL-A3CT	TCGA-EL-A3CT-01A	Primary Tumor
b119755f-ced7-4306-84ea-5427b33bbf12	d26a797e-6bd6-4ce8-bb0e-8f7144a13a66.mirbase21.mirnas.quantification.txt	Transcriptome Profiling	miRNA Expression Quantification	TCGA-THCA	TCGA-EL-A3T6	TCGA-EL-A3T6-01A	Primary Tumor
8de98688-3695-4c34-a775-a384b9fdfe65	bf334c03-8d8c-4055-8bcf-e19684c29e2a.mirbase21.mirnas.quantification.txt	Transcriptome Profiling	miRNA Expression Quantification	TCGA-THCA	TCGA-EL-A3H7	TCGA-EL-A3H7-01A	Primary Tumor
f4319de8-898b-4a49-bb80-a4b3cef16603	a8760a8e-caff-408b-953c-adbefeda5a87.mirbase21.mirnas.quantification.txt	Transcriptome Profiling	miRNA Expression Quantification	TCGA-THCA	TCGA-EL-A3H8	TCGA-EL-A3H8-01A	Primary Tumor
4db4ab00-4527-459b-bbf7-4b20841c3fcb	fcb36beb-95d0-4028-9c91-90d7be88e738.mirbase21.mirnas.quantification.txt	Transcriptome Profiling	miRNA Expression Quantification	TCGA-THCA	TCGA-BJ-A0YZ	TCGA-BJ-A0YZ-01A	Primary Tumor
b428c1d1-25fb-4164-abd6-50c45b8126bf	e6d314df-13ad-40f0-834e-1d8e91d069f8.mirbase21.mirnas.quantification.txt	Transcriptome Profiling	miRNA Expression Quantification	TCGA-THCA	TCGA-EM-A22P	TCGA-EM-A22P-01A	Primary Tumor
286b9423-cb36-4a04-be2e-f7ce520f2a2a	39e97ad8-068d-4846-8fc6-80458fe9e5f5.mirbase21.mirnas.quantification.txt	Transcriptome Profiling	miRNA Expression Quantification	TCGA-THCA	TCGA-E8-A433	TCGA-E8-A433-01A	Primary Tumor
3d197ddc-c5c7-4138-8deb-1a55faf75708	308604a0-ea23-4f64-aac4-6bc1e5bf2b75.mirbase21.mirnas.quantification.txt	Transcriptome Profiling	miRNA Expression Quantification	TCGA-THCA	TCGA-E8-A416	TCGA-E8-A416-01A	Primary Tumor
d4359ee7-adb8-4499-8784-46db4a368ca6	9b4485c9-c3f7-458e-80f9-23ebe777198c.mirbase21.mirnas.quantification.txt	Transcriptome Profiling	miRNA Expression Quantification	TCGA-THCA	TCGA-EL-A3ZL	TCGA-EL-A3ZL-11A	Solid Tissue Normal
0b431401-fcc0-444d-a776-6766dba7fd66	1951c2c8-5c2d-4c95-a11e-611f59a2dfe9.mirbase21.mirnas.quantification.txt	Transcriptome Profiling	miRNA Expression Quantification	TCGA-THCA	TCGA-EL-A3CO	TCGA-EL-A3CO-01A	Primary Tumor
5b791864-a6f3-4683-89e2-db2ab52e728b	1945c32a-0d47-40ee-9a4e-11091e706fdb.mirbase21.mirnas.quantification.txt	Transcriptome Profiling	miRNA Expression Quantification	TCGA-THCA	TCGA-EM-A2CP	TCGA-EM-A2CP-01A	Primary Tumor
09af4fb5-3623-4f04-8d9b-f39e81bb3c89	3dea96e0-f8da-4e14-9e64-3094312c97e0.mirbase21.mirnas.quantification.txt	Transcriptome Profiling	miRNA Expression Quantification	TCGA-THCA	TCGA-EM-A2CS	TCGA-EM-A2CS-01A	Primary Tumor
85d9a75d-ec88-44e2-9474-15f6f9bcd85e	1e70ecd6-6d08-4f21-a189-136849896399.mirbase21.mirnas.quantification.txt	Transcriptome Profiling	miRNA Expression Quantification	TCGA-THCA	TCGA-EM-A3SU	TCGA-EM-A3SU-01A	Primary Tumor
1e1ac14b-ecf3-4a53-b88c-c46684ad2acf	7115028a-bcdf-4a3c-a384-055042893221.mirbase21.mirnas.quantification.txt	Transcriptome Profiling	miRNA Expression Quantification	TCGA-THCA	TCGA-DJ-A13O	TCGA-DJ-A13O-01A	Primary Tumor
87fb3c6b-f458-442a-9cab-ae80c8d5be77	9cc492ea-e693-4cf5-a914-178f9a141602.mirbase21.mirnas.quantification.txt	Transcriptome Profiling	miRNA Expression Quantification	TCGA-THCA	TCGA-DJ-A3VM	TCGA-DJ-A3VM-01A	Primary Tumor
e47a7e24-0bb2-4fb0-9d0b-258e12f0c206	9f129ebe-a7e9-4227-92a1-f2e763c34269.mirbase21.mirnas.quantification.txt	Transcriptome Profiling	miRNA Expression Quantification	TCGA-THCA	TCGA-DJ-A3VL	TCGA-DJ-A3VL-01A	Primary Tumor
996caa8d-e1ed-47d3-8c9a-a63da26dc13f	fd87d0bd-4c9e-4072-ad58-e7156a86635f.mirbase21.mirnas.quantification.txt	Transcriptome Profiling	miRNA Expression Quantification	TCGA-THCA	TCGA-BJ-A190	TCGA-BJ-A190-01A	Primary Tumor
286f0cc1-f7cc-47d1-929d-820a90918485	6a83da9c-2564-4da1-95fe-a2e02a1c4063.mirbase21.mirnas.quantification.txt	Transcriptome Profiling	miRNA Expression Quantification	TCGA-THCA	TCGA-DJ-A3UP	TCGA-DJ-A3UP-01A	Primary Tumor
75755cda-321e-41e2-864e-3788765a0d1c	36951f8c-0c80-44d0-ad7d-631fcd4c0540.mirbase21.mirnas.quantification.txt	Transcriptome Profiling	miRNA Expression Quantification	TCGA-THCA	TCGA-DJ-A3UU	TCGA-DJ-A3UU-01A	Primary Tumor
62727c3e-2c62-41d9-b5a7-b97f54a3557e	ffabf8d3-168e-40d3-b0ae-ec4fa6657c4f.mirbase21.mirnas.quantification.txt	Transcriptome Profiling	miRNA Expression Quantification	TCGA-THCA	TCGA-EL-A3MX	TCGA-EL-A3MX-01A	Primary Tumor
850edf03-9993-4982-88e4-b642882934da	e4545871-07ba-4446-8397-abdb29ac04ab.mirbase21.mirnas.quantification.txt	Transcriptome Profiling	miRNA Expression Quantification	TCGA-THCA	TCGA-EM-A1CW	TCGA-EM-A1CW-11A	Solid Tissue Normal
f1661de3-4716-4575-b044-6c352151b30c	442332ef-7aa2-421e-995d-fca1068c4ddc.mirbase21.mirnas.quantification.txt	Transcriptome Profiling	miRNA Expression Quantification	TCGA-THCA	TCGA-ET-A2MY	TCGA-ET-A2MY-01A	Primary Tumor
418e3575-a658-40ee-9cab-4086df105ab0	094fcb74-4bc2-4024-830d-3b3bca698298.mirbase21.mirnas.quantification.txt	Transcriptome Profiling	miRNA Expression Quantification	TCGA-THCA	TCGA-DJ-A3V9	TCGA-DJ-A3V9-01A	Primary Tumor
05e180b4-4faa-471c-bf8f-cf46629a9f6e	cbfaa7d4-eaad-43ea-90d6-d0dcf6231831.mirbase21.mirnas.quantification.txt	Transcriptome Profiling	miRNA Expression Quantification	TCGA-THCA	TCGA-E8-A44M	TCGA-E8-A44M-01A	Primary Tumor
d733332e-0f01-40c4-93d2-068a94d14560	5cc7ba62-ca46-47b0-84ec-2976817c802a.mirbase21.mirnas.quantification.txt	Transcriptome Profiling	miRNA Expression Quantification	TCGA-THCA	TCGA-H2-A3RH	TCGA-H2-A3RH-01A	Primary Tumor
066edf99-3c25-4d3e-8522-27d73fa409b7	d5afb245-8ebb-485f-8f0c-4c86050cd81f.mirbase21.mirnas.quantification.txt	Transcriptome Profiling	miRNA Expression Quantification	TCGA-THCA	TCGA-DJ-A3UQ	TCGA-DJ-A3UQ-01A	Primary Tumor
581fc2be-58f7-41cf-b5aa-187f1ec54048	c6edba80-3863-4619-97e8-c244d3d441e5.mirbase21.mirnas.quantification.txt	Transcriptome Profiling	miRNA Expression Quantification	TCGA-THCA	TCGA-BJ-A2N8	TCGA-BJ-A2N8-11A	Solid Tissue Normal
97aa00ce-4982-4777-a8c6-6e8331fbfcc0	08c8d63e-3436-4e2f-8ca9-71f2bd92cd52.mirbase21.mirnas.quantification.txt	Transcriptome Profiling	miRNA Expression Quantification	TCGA-THCA	TCGA-EL-A4K2	TCGA-EL-A4K2-01A	Primary Tumor
c3d59ba8-fba9-4443-85f7-d119dd4601d7	1aa67adb-dbf8-4460-9665-23122e604db5.mirbase21.mirnas.quantification.txt	Transcriptome Profiling	miRNA Expression Quantification	TCGA-THCA	TCGA-EM-A1CU	TCGA-EM-A1CU-11A	Solid Tissue Normal
25220ffb-a05c-4f83-8260-017f9371dd45	f01bbf69-96eb-48ae-bbd7-4e78f7d3b945.mirbase21.mirnas.quantification.txt	Transcriptome Profiling	miRNA Expression Quantification	TCGA-THCA	TCGA-EL-A3H1	TCGA-EL-A3H1-01A	Primary Tumor
dfe67f4c-8241-4502-a8c6-e604a63b2575	f3152f32-283d-4f8b-9491-505e1cca4a7e.mirbase21.mirnas.quantification.txt	Transcriptome Profiling	miRNA Expression Quantification	TCGA-THCA	TCGA-FK-A4UB	TCGA-FK-A4UB-01A	Primary Tumor
c32eeeac-be2d-4bb1-91a7-212445389fac	5008cdca-b302-4e22-8039-26ea9ab1b9fe.mirbase21.mirnas.quantification.txt	Transcriptome Profiling	miRNA Expression Quantification	TCGA-THCA	TCGA-DJ-A2Q2	TCGA-DJ-A2Q2-01A	Primary Tumor
cef9f290-0d2a-4ab9-bb27-6746afef23af	f5c8e44f-86c7-4784-9054-6623b94197a8.mirbase21.mirnas.quantification.txt	Transcriptome Profiling	miRNA Expression Quantification	TCGA-THCA	TCGA-EL-A3CU	TCGA-EL-A3CU-01A	Primary Tumor
6c24fa78-d9d4-48a3-bc84-9c3525c1177b	8b6428e6-f231-446c-aea1-3c7fe9790c02.mirbase21.mirnas.quantification.txt	Transcriptome Profiling	miRNA Expression Quantification	TCGA-THCA	TCGA-EM-A3SY	TCGA-EM-A3SY-01A	Primary Tumor
8274d622-50a0-4016-a0cd-b8e8afbdf3f4	358efb62-748e-4658-b111-de5e8b256f8e.mirbase21.mirnas.quantification.txt	Transcriptome Profiling	miRNA Expression Quantification	TCGA-THCA	TCGA-BJ-A0ZC	TCGA-BJ-A0ZC-01A	Primary Tumor
f121cb7d-8221-4f1e-99be-f5d03212ecf1	74671e16-9de3-4041-ad77-01aa72b03499.mirbase21.mirnas.quantification.txt	Transcriptome Profiling	miRNA Expression Quantification	TCGA-THCA	TCGA-EL-A3MW	TCGA-EL-A3MW-01A	Primary Tumor
0721d269-7f56-4f94-af46-86b2e5b14566	efa9c96c-dc65-49f1-af14-1e0fc77b70f3.mirbase21.mirnas.quantification.txt	Transcriptome Profiling	miRNA Expression Quantification	TCGA-THCA	TCGA-E8-A2JQ	TCGA-E8-A2JQ-11A	Solid Tissue Normal
d57b7f64-cb7b-46c5-bf6b-655406870009	00d2e264-6926-4db1-b8f1-07a92e15e511.mirbase21.mirnas.quantification.txt	Transcriptome Profiling	miRNA Expression Quantification	TCGA-THCA	TCGA-EM-A2CM	TCGA-EM-A2CM-01A	Primary Tumor
4d67939b-e509-48a4-9652-26299801b3fc	23dec2b1-8d05-4d16-98df-eee8f05c3974.mirbase21.mirnas.quantification.txt	Transcriptome Profiling	miRNA Expression Quantification	TCGA-THCA	TCGA-J8-A3YF	TCGA-J8-A3YF-01A	Primary Tumor
3dcd77b8-bbc4-400c-b644-9b22a1673579	b91e7d71-7fdd-4984-8428-c9d8210b7a51.mirbase21.mirnas.quantification.txt	Transcriptome Profiling	miRNA Expression Quantification	TCGA-THCA	TCGA-EM-A1YC	TCGA-EM-A1YC-01A	Primary Tumor
e35f5696-7d26-4b80-88de-ca8453324b99	636d5647-2514-4061-b3af-5ae14e9be23c.mirbase21.mirnas.quantification.txt	Transcriptome Profiling	miRNA Expression Quantification	TCGA-THCA	TCGA-EM-A2OW	TCGA-EM-A2OW-01A	Primary Tumor
178fcb25-f10e-4fca-8831-1d550c3e20ba	8f4820da-16a0-4a44-81b5-29c6c7a3828c.mirbase21.mirnas.quantification.txt	Transcriptome Profiling	miRNA Expression Quantification	TCGA-THCA	TCGA-L6-A4EP	TCGA-L6-A4EP-01A	Primary Tumor
3380afcd-7a6d-4fd2-8165-3e7883dc08de	58f8c6bd-b20b-4228-97ef-8f0e2a73c92f.mirbase21.mirnas.quantification.txt	Transcriptome Profiling	miRNA Expression Quantification	TCGA-THCA	TCGA-BJ-A45E	TCGA-BJ-A45E-01A	Primary Tumor
27f83d53-deb6-4dbf-82e3-356e6e075087	19541d7a-f911-4eff-902e-ca83e90c855b.mirbase21.mirnas.quantification.txt	Transcriptome Profiling	miRNA Expression Quantification	TCGA-THCA	TCGA-EL-A3T8	TCGA-EL-A3T8-01A	Primary Tumor
13e16ea5-7ded-4e47-8886-33981f186839	3636a656-2ffe-4eb9-9779-aadaaf7346f8.mirbase21.mirnas.quantification.txt	Transcriptome Profiling	miRNA Expression Quantification	TCGA-THCA	TCGA-ET-A2N3	TCGA-ET-A2N3-01B	Primary Tumor
9c0fcef3-29dd-4093-a7f3-76d42d3a64d2	5574ad0d-e3f5-4778-95b2-86655993a532.mirbase21.mirnas.quantification.txt	Transcriptome Profiling	miRNA Expression Quantification	TCGA-THCA	TCGA-DJ-A3VK	TCGA-DJ-A3VK-01A	Primary Tumor
e19e83c1-f024-46bd-b723-eae3c3131700	dbffdee8-547d-4d2c-86fc-43ee2263a10e.mirbase21.mirnas.quantification.txt	Transcriptome Profiling	miRNA Expression Quantification	TCGA-THCA	TCGA-DJ-A3UN	TCGA-DJ-A3UN-01A	Primary Tumor
3b5fc005-c3ff-462b-bde4-b6b6ae0ddf7d	49eaa69c-64c0-455d-966d-7d749897fd37.mirbase21.mirnas.quantification.txt	Transcriptome Profiling	miRNA Expression Quantification	TCGA-THCA	TCGA-ET-A3DP	TCGA-ET-A3DP-01A	Primary Tumor
d882a7b0-5874-4f69-b9fc-cdb0c71c2540	a1392ee5-2e19-48fd-9f14-350d8f23976c.mirbase21.mirnas.quantification.txt	Transcriptome Profiling	miRNA Expression Quantification	TCGA-THCA	TCGA-DJ-A1QO	TCGA-DJ-A1QO-01A	Primary Tumor
7a88f061-c3ee-49e7-b7c7-fea586fd7626	3cb94a44-774b-4681-a629-5a47d86251a5.mirbase21.mirnas.quantification.txt	Transcriptome Profiling	miRNA Expression Quantification	TCGA-THCA	TCGA-EM-A2CL	TCGA-EM-A2CL-01A	Primary Tumor
00f6a58e-1b5f-4b9a-a636-c07d310f9bfe	2f888eb4-6e84-4564-88d6-377fb346e818.mirbase21.mirnas.quantification.txt	Transcriptome Profiling	miRNA Expression Quantification	TCGA-THCA	TCGA-EL-A3GS	TCGA-EL-A3GS-01A	Primary Tumor
dd8d5db0-d318-44e3-acf4-6c48ef39bea1	638c3b9c-9de2-4159-8348-f7b6878de0e9.mirbase21.mirnas.quantification.txt	Transcriptome Profiling	miRNA Expression Quantification	TCGA-THCA	TCGA-EL-A3T2	TCGA-EL-A3T2-11A	Solid Tissue Normal
bcaadf1b-f3e1-4c87-a6f4-d502e5616048	fe6998cb-3739-4874-9c3a-be68396abb94.mirbase21.mirnas.quantification.txt	Transcriptome Profiling	miRNA Expression Quantification	TCGA-THCA	TCGA-EL-A3T3	TCGA-EL-A3T3-01A	Primary Tumor
3dcc88c1-e51b-49fd-97fd-c2d38f12568e	d8318df1-f261-40d1-a92a-17e5a2bc46e5.mirbase21.mirnas.quantification.txt	Transcriptome Profiling	miRNA Expression Quantification	TCGA-THCA	TCGA-EL-A3T2	TCGA-EL-A3T2-01A	Primary Tumor
2afd73d8-0ada-4bc6-abcd-de414c1b7510	a41b2c7a-fa51-41bc-8d41-b3fe563b3e0c.mirbase21.mirnas.quantification.txt	Transcriptome Profiling	miRNA Expression Quantification	TCGA-THCA	TCGA-BJ-A28W	TCGA-BJ-A28W-01A	Primary Tumor
4ac4b31d-39e3-459c-9665-39ea68bb49f4	be0c28b0-5331-4a5c-bc92-9ddcd3a98bdb.mirbase21.mirnas.quantification.txt	Transcriptome Profiling	miRNA Expression Quantification	TCGA-THCA	TCGA-FK-A3S3	TCGA-FK-A3S3-01A	Primary Tumor
888e53c7-fa0a-4a6b-8bf9-bfb306b23fa2	c3048df7-b491-43a0-b594-f26c6afcc5d8.mirbase21.mirnas.quantification.txt	Transcriptome Profiling	miRNA Expression Quantification	TCGA-THCA	TCGA-DJ-A2Q4	TCGA-DJ-A2Q4-01A	Primary Tumor
61123905-fc69-4a44-95d1-2f12a1b2d7d0	8e2a1a04-36bb-4bd3-a1db-158d960349cd.mirbase21.mirnas.quantification.txt	Transcriptome Profiling	miRNA Expression Quantification	TCGA-THCA	TCGA-DJ-A3V4	TCGA-DJ-A3V4-01A	Primary Tumor
da787504-87a1-4dfb-8126-a20b6ea84b0a	44a2e508-1694-4a27-b51d-bcf5b74bf4a7.mirbase21.mirnas.quantification.txt	Transcriptome Profiling	miRNA Expression Quantification	TCGA-THCA	TCGA-EL-A3ZN	TCGA-EL-A3ZN-01A	Primary Tumor
df98d321-44ed-43de-97b8-7154e890136b	dfcfd99f-c492-4309-a805-1adf8552b2b8.mirbase21.mirnas.quantification.txt	Transcriptome Profiling	miRNA Expression Quantification	TCGA-THCA	TCGA-FY-A40L	TCGA-FY-A40L-01A	Primary Tumor
9bdb1e22-c624-4961-b20e-6720a8214090	06c8c506-3840-4b93-b98f-4f7735b38403.mirbase21.mirnas.quantification.txt	Transcriptome Profiling	miRNA Expression Quantification	TCGA-THCA	TCGA-DJ-A2Q0	TCGA-DJ-A2Q0-01A	Primary Tumor
0d0402f9-68c5-4665-8d7b-2a56497073e2	52049a8c-88bb-43b5-8094-e981d10aec29.mirbase21.mirnas.quantification.txt	Transcriptome Profiling	miRNA Expression Quantification	TCGA-THCA	TCGA-EL-A3ZQ	TCGA-EL-A3ZQ-11A	Solid Tissue Normal
1ebdde67-d531-4349-9298-920a3c9b4d0c	6814a814-7ad7-44eb-a3c4-38f75ceb39e7.mirbase21.mirnas.quantification.txt	Transcriptome Profiling	miRNA Expression Quantification	TCGA-THCA	TCGA-IM-A3U3	TCGA-IM-A3U3-01A	Primary Tumor
49f77829-7d93-4c2e-b991-30c0cffee3a3	f9ca284c-b4ff-4314-ac4c-3f8bd0573c4e.mirbase21.mirnas.quantification.txt	Transcriptome Profiling	miRNA Expression Quantification	TCGA-THCA	TCGA-L6-A4EU	TCGA-L6-A4EU-01A	Primary Tumor
7af5f36b-2546-428f-a62f-1e8250847f0c	b3716d6f-00f0-4525-948f-e313a48dc06a.mirbase21.mirnas.quantification.txt	Transcriptome Profiling	miRNA Expression Quantification	TCGA-THCA	TCGA-ET-A3BS	TCGA-ET-A3BS-01A	Primary Tumor
62539a43-68f1-43f5-be16-a33ce6ceddbe	0481637f-55b5-4f44-b3a5-e47360e58742.mirbase21.mirnas.quantification.txt	Transcriptome Profiling	miRNA Expression Quantification	TCGA-THCA	TCGA-DJ-A4UT	TCGA-DJ-A4UT-01A	Primary Tumor
7054322e-de94-455c-8e02-0b0a91831f8f	2d13c06b-ffd7-44b7-8ff2-0ff9589f20b6.mirbase21.mirnas.quantification.txt	Transcriptome Profiling	miRNA Expression Quantification	TCGA-THCA	TCGA-J8-A3YG	TCGA-J8-A3YG-01A	Primary Tumor
e76c10cd-a9ac-422c-b004-204fc6e1b503	2a232491-4243-4337-b04e-cf358a5d1669.mirbase21.mirnas.quantification.txt	Transcriptome Profiling	miRNA Expression Quantification	TCGA-THCA	TCGA-GE-A2C6	TCGA-GE-A2C6-01A	Primary Tumor
6d38bfa4-2165-43cd-bcf6-a77560d20149	a50fe71d-d011-486b-987d-cb625af4b7af.mirbase21.mirnas.quantification.txt	Transcriptome Profiling	miRNA Expression Quantification	TCGA-THCA	TCGA-BJ-A45G	TCGA-BJ-A45G-01A	Primary Tumor
9f7a9768-755e-47f3-99f3-062eeb75606c	343390d9-e38c-47d9-92ee-1064963a0a0d.mirbase21.mirnas.quantification.txt	Transcriptome Profiling	miRNA Expression Quantification	TCGA-THCA	TCGA-BJ-A3EZ	TCGA-BJ-A3EZ-01A	Primary Tumor
b8127036-a807-4677-9e8d-03a9fb7d380a	b98bbb76-609f-434d-94a9-adc9c731e0e8.mirbase21.mirnas.quantification.txt	Transcriptome Profiling	miRNA Expression Quantification	TCGA-THCA	TCGA-FY-A3R8	TCGA-FY-A3R8-01A	Primary Tumor
1d9e1288-ee6d-454e-8ca5-4eefb0143353	c5ed9468-e696-49fe-ab40-9ba3e3fe7b9f.mirbase21.mirnas.quantification.txt	Transcriptome Profiling	miRNA Expression Quantification	TCGA-THCA	TCGA-KS-A41L	TCGA-KS-A41L-01A	Primary Tumor
c24a9d84-2195-4a9f-ad58-62a447152cef	d5ee3648-0adc-43ed-a110-bbaf84de9a99.mirbase21.mirnas.quantification.txt	Transcriptome Profiling	miRNA Expression Quantification	TCGA-THCA	TCGA-EM-A2CN	TCGA-EM-A2CN-01A	Primary Tumor
09e226d6-36d1-4eed-ad51-be781d87117e	f3617bfc-dcd3-4582-8b97-fbe3289546db.mirbase21.mirnas.quantification.txt	Transcriptome Profiling	miRNA Expression Quantification	TCGA-THCA	TCGA-DJ-A4V2	TCGA-DJ-A4V2-01A	Primary Tumor
9438fa54-4b3e-44eb-ac98-c4a5b6f28ee5	f753a28b-6708-471f-89ae-bd7e7df46e0d.mirbase21.mirnas.quantification.txt	Transcriptome Profiling	miRNA Expression Quantification	TCGA-THCA	TCGA-EL-A3ZL	TCGA-EL-A3ZL-01A	Primary Tumor
60a76cf7-f4ca-4bb8-82fb-334a28a06f59	2d7e4ca8-8d18-4124-83b0-48e93d1604fa.mirbase21.mirnas.quantification.txt	Transcriptome Profiling	miRNA Expression Quantification	TCGA-THCA	TCGA-DJ-A4V5	TCGA-DJ-A4V5-01A	Primary Tumor
d88a58ab-0c09-411d-b635-9e63a5255e49	c0b2b62c-0f12-4d49-9157-f28bab4d2d99.mirbase21.mirnas.quantification.txt	Transcriptome Profiling	miRNA Expression Quantification	TCGA-THCA	TCGA-FY-A3TY	TCGA-FY-A3TY-01A	Primary Tumor
c42a9f51-0cec-455c-b696-fb130b48c0c1	1ec0188c-67d6-48bb-b60c-2dff733fa66e.mirbase21.mirnas.quantification.txt	Transcriptome Profiling	miRNA Expression Quantification	TCGA-THCA	TCGA-E8-A437	TCGA-E8-A437-01A	Primary Tumor
ff9c594d-295d-412d-9df7-17fe68a958f6	0438896d-a123-4c1a-b6e3-321a8d253aad.mirbase21.mirnas.quantification.txt	Transcriptome Profiling	miRNA Expression Quantification	TCGA-THCA	TCGA-J8-A3YE	TCGA-J8-A3YE-01A	Primary Tumor
3fe165c8-47e6-4fb3-a95d-de176a441005	01c96208-efcb-4bf6-9601-bdcebff26035.mirbase21.mirnas.quantification.txt	Transcriptome Profiling	miRNA Expression Quantification	TCGA-THCA	TCGA-EM-A3AL	TCGA-EM-A3AL-01A	Primary Tumor
2089ec62-4cae-468c-97a8-6f06f345442b	af8e54ab-b9d2-4dd0-886e-97f3d870dbc9.mirbase21.mirnas.quantification.txt	Transcriptome Profiling	miRNA Expression Quantification	TCGA-THCA	TCGA-EM-A2P0	TCGA-EM-A2P0-01A	Primary Tumor
d2bd007a-d7a8-45c5-aefc-f0c0154819dc	a2e1aad7-6f76-40d1-a72a-1582f78cf03f.mirbase21.mirnas.quantification.txt	Transcriptome Profiling	miRNA Expression Quantification	TCGA-THCA	TCGA-EM-A3SU	TCGA-EM-A3SU-06A	Metastatic
0b33d1e3-c851-49f0-95fa-c27b422cfd63	45553090-5747-4f06-bbd9-aea5bec7fd53.mirbase21.mirnas.quantification.txt	Transcriptome Profiling	miRNA Expression Quantification	TCGA-THCA	TCGA-EM-A2CS	TCGA-EM-A2CS-06A	Metastatic
906b945f-e372-4bf0-961c-08b23a98ec10	1dae7999-9d46-4dc4-a259-5e1c7b8d9c8d.mirbase21.mirnas.quantification.txt	Transcriptome Profiling	miRNA Expression Quantification	TCGA-THCA	TCGA-BJ-A45H	TCGA-BJ-A45H-01A	Primary Tumor
